原始序号,模型名称,一级分类,二级分类,model_type,architecture,target_stem,config_instruments,config_target_instrument,大小MiB,支持状态,推荐标签,业务场景,能力,备注,分类依据
1,Apollo_LQ_MP3_restoration.ckpt,音频清理/修复,音频/人声修复,apollo,apollo,restored,,,63.5,supported,精选,restoration,restoration（音频修复）,推荐依据：音频修复模型；适合低质 MP3 高频细节补全。,LQ/MP3/restoration 名称
2,apollo_model.ckpt,音频清理/修复,音频/人声修复,apollo,apollo,restored_vocal,restored|addition,restored,63.4,supported,精选,restoration,restoration（音频修复）,推荐依据：音频修复模型；适合破音、压缩损伤、低质素材修复。,config restored/addition + vocal/apollo; classified as audio restoration
3,apollo_model_v2.ckpt,音频清理/修复,音频/人声修复,apollo,apollo,restored_vocal,restored|addition,restored,36.4,supported,精选,restoration,restoration（音频修复）,推荐依据：频段重建模型；适合压缩损伤和低质素材修复。,config restored/addition + vocal/apollo; classified as audio restoration
4,epoch=54-val_loss=-17.6221.ckpt,音频清理/修复,音频/人声修复,apollo,apollo,restored_vocal,restored|addition,restored,587.3,supported,精选,restoration,restoration（音频修复）,推荐依据：音频修复模型；适合破音、压缩损伤、低质素材修复。,config restored/addition + vocal/apollo; classified as audio restoration
5,model_apollo_vocals_ep_54.ckpt,音频清理/修复,音频/人声修复,apollo,apollo,restored_vocal,restored|addition,restored,185.3,supported,精选,restoration,restoration（音频修复）,推荐依据：音频修复模型；适合破音、压缩损伤、低质素材修复。,config restored/addition + vocal/apollo; classified as audio restoration
6,mel_band_roformer_crowd_aufr33_viperx_sdr_8.7144.ckpt,音频清理/修复,人群/观众声移除,mel_band_roformer,mel_band_roformer,crowd,crowd|other,crowd,870.8,supported,首选,denoise|restoration,denoise（去人群声）,推荐依据：去人群声模型；适合演唱会欢呼掌声抑制。,crowd 名称
7,denoise_mel_band_roformer_aufr33_aggr_sdr_27.9768.ckpt,音频清理/修复,降噪/串音抑制,mel_band_roformer,mel_band_roformer,noise,dry|other,dry,870.8,supported,首选,denoise|restoration,denoise（降噪）,推荐依据：强降噪版本；适合噪声更重的素材。,denoise 名称
8,denoise_mel_band_roformer_aufr33_sdr_27.9959.ckpt,音频清理/修复,降噪/串音抑制,mel_band_roformer,mel_band_roformer,noise,dry|other,dry,870.8,supported,首选,denoise|restoration,denoise（降噪）,推荐依据：降噪专用模型；适合噪声、人群声、底噪处理。,denoise 名称
9,huge_scnet_4stems_bleedless.ckpt,音频清理/修复,降噪/串音抑制,scnet,scnet,bleed,,,377.3,supported,精选,denoise|restoration|four_stem,4 stems（四分轨）,推荐依据：SCNet 防串音四分轨；适合减少鼓、贝斯、人声互漏。,bleed/debleed/bleedless 名称
10,kimmel_unwa_ft2_bleedless.ckpt,音频清理/修复,降噪/串音抑制,mel_band_roformer,mel_band_roformer,bleed,vocals|other,vocals,870.8,supported,首选,vocal|denoise|restoration,denoise（降噪）,推荐依据：降噪专用模型；适合噪声、人群声、底噪处理。,bleed/debleed/bleedless 名称
11,mel_band_roformer_bleed_suppressor_v1.ckpt,音频清理/修复,降噪/串音抑制,mel_band_roformer,mel_band_roformer,bleed,Instrumental|Bleed,Instrumental,870.8,supported,首选,instrumental|denoise|restoration,denoise（降噪）,推荐依据：降噪专用模型；适合噪声、人群声、底噪处理。,bleed/debleed/bleedless 名称
12,mel_band_roformer_denoise_debleed_gabox.ckpt,音频清理/修复,降噪/串音抑制,mel_band_roformer,mel_band_roformer,bleed,Instrumental|Vocals,Instrumental,870.7,supported,首选,instrumental|denoise|restoration,denoise（降噪）,推荐依据：降噪专用模型；适合噪声、人群声、底噪处理。,bleed/debleed/bleedless 名称
13,mel_band_roformer_instrumental_bleedless_v1_gabox.ckpt,音频清理/修复,降噪/串音抑制,mel_band_roformer,mel_band_roformer,bleed,Instrumental|Vocals,Instrumental,870.7,supported,首选,instrumental|denoise|restoration,denoise（降噪）,推荐依据：降噪专用模型；适合噪声、人群声、底噪处理。,bleed/debleed/bleedless 名称
14,mel_band_roformer_instrumental_bleedless_v2_gabox.ckpt,音频清理/修复,降噪/串音抑制,mel_band_roformer,mel_band_roformer,bleed,Instrumental|Vocals,Instrumental,870.7,supported,首选,instrumental|denoise|restoration,denoise（降噪）,推荐依据：降噪专用模型；适合噪声、人群声、底噪处理。,bleed/debleed/bleedless 名称
15,mel_band_roformer_instrumental_bleedless_v3_gabox.ckpt,音频清理/修复,降噪/串音抑制,mel_band_roformer,mel_band_roformer,bleed,Instrumental|Vocals,Instrumental,870.7,supported,首选,instrumental|denoise|restoration,denoise（降噪）,推荐依据：降噪专用模型；适合噪声、人群声、底噪处理。,bleed/debleed/bleedless 名称
16,apollo_model_uni.ckpt,实验/通用分离,通用源分离,apollo,apollo,,,,140.1,supported,精选,restoration,restoration（音频修复）,推荐依据：音频修复模型；适合破音、压缩损伤、低质素材修复。,只有架构/SDR 信息，未见明确能力关键词
17,BS-Roformer_LargeV1.ckpt,实验/通用分离,通用源分离,bs_roformer,bs_roformer,,,,706.0,supported,,,通用源分离,分类置信度较低，建议先短音频试跑。,只有架构/SDR 信息，未见明确能力关键词
18,bs_hyperace.ckpt,实验/通用分离,通用源分离,bs_roformer,bs_roformer,,,,262.2,supported,,,通用源分离,分类置信度较低，建议先短音频试跑。,只有架构/SDR 信息，未见明确能力关键词
19,bs_roformer_anvuew_sdr_12.45.ckpt,实验/通用分离,通用源分离,bs_roformer,bs_roformer,,,,195.0,supported,,,通用源分离,分类置信度较低，建议先短音频试跑。,只有架构/SDR 信息，未见明确能力关键词
20,BS_Roformer_FNF_V1.ckpt,实验/通用分离,通用源分离,bs_roformer,bs_roformer,,Voices|Inst,Voices,585.6,supported,,,通用源分离,输出目标：Voices。分类置信度较低，建议先短音频试跑。,只有架构/SDR 信息，未见明确能力关键词
21,bs_roformer_ft1_anvuew_sdr_12.55.ckpt,实验/通用分离,通用源分离,bs_roformer,bs_roformer,,,,195.0,supported,,,通用源分离,分类置信度较低，建议先短音频试跑。,只有架构/SDR 信息，未见明确能力关键词
22,bs_roformer_mag_anvuew.ckpt,实验/通用分离,通用源分离,bs_roformer,bs_roformer,,,,195.0,supported,,,通用源分离,分类置信度较低，建议先短音频试跑。,只有架构/SDR 信息，未见明确能力关键词
23,bs_roformer_revive.ckpt,实验/通用分离,通用源分离,bs_roformer,bs_roformer,,,,609.7,supported,,,通用源分离,分类置信度较低，建议先短音频试跑。,只有架构/SDR 信息，未见明确能力关键词
24,bs_roformer_revive2.ckpt,实验/通用分离,通用源分离,bs_roformer,bs_roformer,,,,609.7,supported,,,通用源分离,分类置信度较低，建议先短音频试跑。,只有架构/SDR 信息，未见明确能力关键词
25,bs_roformer_revive3e.ckpt,实验/通用分离,通用源分离,bs_roformer,bs_roformer,,,,609.7,supported,,,通用源分离,分类置信度较低，建议先短音频试跑。,只有架构/SDR 信息，未见明确能力关键词
26,checkpoint-cmn_state_dict.ckpt,实验/通用分离,通用源分离,bandit_v2,bandit_v2,,,,142.2,supported,,,通用源分离,分类置信度较低，建议先短音频试跑。,只有架构/SDR 信息，未见明确能力关键词
27,checkpoint-deu_state_dict.ckpt,实验/通用分离,通用源分离,bandit_v2,bandit_v2,,,,142.2,supported,,,通用源分离,分类置信度较低，建议先短音频试跑。,只有架构/SDR 信息，未见明确能力关键词
28,checkpoint-eng_state_dict.ckpt,实验/通用分离,通用源分离,bandit_v2,bandit_v2,,,,142.2,supported,,,通用源分离,分类置信度较低，建议先短音频试跑。,只有架构/SDR 信息，未见明确能力关键词
29,checkpoint-fao_state_dict.ckpt,实验/通用分离,通用源分离,bandit_v2,bandit_v2,,,,142.2,supported,,,通用源分离,分类置信度较低，建议先短音频试跑。,只有架构/SDR 信息，未见明确能力关键词
30,checkpoint-fra_state_dict.ckpt,实验/通用分离,通用源分离,bandit_v2,bandit_v2,,,,142.2,supported,,,通用源分离,分类置信度较低，建议先短音频试跑。,只有架构/SDR 信息，未见明确能力关键词
31,checkpoint-spa_state_dict.ckpt,实验/通用分离,通用源分离,bandit_v2,bandit_v2,,,,142.2,supported,,,通用源分离,分类置信度较低，建议先短音频试跑。,只有架构/SDR 信息，未见明确能力关键词
32,Fullness.ckpt,实验/通用分离,通用源分离,mel_band_roformer,mel_band_roformer,,,,870.8,supported,,,通用源分离,分类置信度较低，建议先短音频试跑。,只有架构/SDR 信息，未见明确能力关键词
33,INSTV8.ckpt,实验/通用分离,通用源分离,mel_band_roformer,mel_band_roformer,,,,870.7,supported,,,通用源分离,分类置信度较低，建议先短音频试跑。,只有架构/SDR 信息，未见明确能力关键词
34,INSTV9.ckpt,实验/通用分离,通用源分离,mel_band_roformer,mel_band_roformer,,,,870.7,supported,,,通用源分离,分类置信度较低，建议先短音频试跑。,只有架构/SDR 信息，未见明确能力关键词
35,MDX23C_D1581.ckpt,实验/通用分离,通用源分离,mdx23c,mdx23c,,,,174.9,supported,,,通用源分离,分类置信度较低，建议先短音频试跑。,只有架构/SDR 信息，未见明确能力关键词
36,mel_band_roformer_small.ckpt,实验/通用分离,通用源分离,mel_band_roformer,mel_band_roformer,,,,193.2,supported,,,通用源分离,分类置信度较低，建议先短音频试跑。,只有架构/SDR 信息，未见明确能力关键词
37,melband_roformer_small_v1.ckpt,实验/通用分离,通用源分离,mel_band_roformer,mel_band_roformer,,,,193.2,supported,,,通用源分离,分类置信度较低，建议先短音频试跑。,只有架构/SDR 信息，未见明确能力关键词
38,MelBandRoformerBigSYHFTV1.ckpt,实验/通用分离,通用源分离,mel_band_roformer,mel_band_roformer,,,,1411.2,supported,,,通用源分离,分类置信度较低，建议先短音频试跑。,只有架构/SDR 信息，未见明确能力关键词
39,MelBandRoformerSYHFT.ckpt,实验/通用分离,通用源分离,mel_band_roformer,mel_band_roformer,,,,870.8,supported,,,通用源分离,分类置信度较低，建议先短音频试跑。,只有架构/SDR 信息，未见明确能力关键词
40,MelBandRoformerSYHFTB1.ckpt,实验/通用分离,通用源分离,mel_band_roformer,mel_band_roformer,,,,870.8,supported,,,通用源分离,分类置信度较低，建议先短音频试跑。,只有架构/SDR 信息，未见明确能力关键词
41,MelBandRoformerSYHFTV2.5.ckpt,实验/通用分离,通用源分离,mel_band_roformer,mel_band_roformer,,,,870.8,supported,,,通用源分离,分类置信度较低，建议先短音频试跑。,只有架构/SDR 信息，未见明确能力关键词
42,MelBandRoformerSYHFTV2.ckpt,实验/通用分离,通用源分离,mel_band_roformer,mel_band_roformer,,,,870.8,supported,,,通用源分离,分类置信度较低，建议先短音频试跑。,只有架构/SDR 信息，未见明确能力关键词
43,MelBandRoformerSYHFTV3Epsilon.ckpt,实验/通用分离,通用源分离,mel_band_roformer,mel_band_roformer,,,,870.8,supported,,,通用源分离,分类置信度较低，建议先短音频试跑。,只有架构/SDR 信息，未见明确能力关键词
44,merge_syhft.ckpt,实验/通用分离,通用源分离,mel_band_roformer,mel_band_roformer,,,,870.7,supported,,,通用源分离,分类置信度较低，建议先短音频试跑。,只有架构/SDR 信息，未见明确能力关键词
45,model2.ckpt,实验/通用分离,通用源分离,mel_band_roformer,mel_band_roformer,,,,870.8,supported,,,通用源分离,分类置信度较低，建议先短音频试跑。,只有架构/SDR 信息，未见明确能力关键词
46,model3.ckpt,实验/通用分离,通用源分离,mel_band_roformer,mel_band_roformer,,,,870.8,supported,,,通用源分离,分类置信度较低，建议先短音频试跑。,只有架构/SDR 信息，未见明确能力关键词
47,model_bs_roformer_ep_937_sdr_10.5309.ckpt,实验/通用分离,通用源分离,bs_roformer,bs_roformer,,No Drum-Bass|Drum-Bass,No Drum-Bass,374.9,supported,,drums,通用源分离,输出目标：No Drum-Bass。分类置信度较低，建议先短音频试跑。,只有架构/SDR 信息，未见明确能力关键词
48,model_jazz_scnet.ckpt,实验/通用分离,通用源分离,scnet,scnet,,drums|bass|piano|other,,40.5,supported,,drums,通用源分离,输出目标：drums|bass|piano|other。分类置信度较低，建议先短音频试跑。,只有架构/SDR 信息，未见明确能力关键词
49,model_jazz_scnet_large.ckpt,实验/通用分离,通用源分离,scnet,scnet,,drums|bass|piano|other,,161.0,supported,,drums,通用源分离,输出目标：drums|bass|piano|other。分类置信度较低，建议先短音频试跑。,只有架构/SDR 信息，未见明确能力关键词
50,model_jazz_scnet_xl.ckpt,实验/通用分离,通用源分离,scnet,scnet,,drums|bass|piano|other,,206.2,supported,,drums,通用源分离,输出目标：drums|bass|piano|other。分类置信度较低，建议先短音频试跑。,只有架构/SDR 信息，未见明确能力关键词
51,model_jazz_split_scnet.ckpt,实验/通用分离,通用源分离,scnet,scnet,,drums|bass|piano|other,,40.5,supported,,drums,通用源分离,输出目标：drums|bass|piano|other。分类置信度较低，建议先短音频试跑。,只有架构/SDR 信息，未见明确能力关键词
52,model_mel_band_roformer_ep_3_sdr_14.8359.ckpt,实验/通用分离,通用源分离,mel_band_roformer,mel_band_roformer,,dry|other,dry,2612.5,supported,,,通用源分离,输出目标：dry。分类置信度较低，建议先短音频试跑。,只有架构/SDR 信息，未见明确能力关键词
53,bs_large_v2_inst.ckpt,伴奏/无人声提取,伴奏/无人声提取,bs_roformer,bs_roformer,instrumental,,,227.2,supported,首选,vocal|instrumental,instrumental（伴奏）,推荐依据：伴奏提取强模型；适合去人声与保留伴奏细节。,inst/instrumental 名称
54,bs_roformer_inst_hyperacev2.ckpt,伴奏/无人声提取,伴奏/无人声提取,bs_roformer,bs_roformer,instrumental,,,275.4,supported,首选,vocal|instrumental,instrumental（伴奏）,推荐依据：伴奏提取强模型；适合去人声与保留伴奏细节。,inst/instrumental 名称
55,essid_mel_inst.ckpt,伴奏/无人声提取,伴奏/无人声提取,mel_band_roformer,mel_band_roformer,instrumental,Vocals|Instrumental,Instrumental,870.8,supported,首选,vocal|instrumental,instrumental（伴奏）,推荐依据：伴奏提取强模型；适合去人声与保留伴奏细节。,config target_instrument=instrumental
56,essid_mel_inst_old.ckpt,伴奏/无人声提取,伴奏/无人声提取,mel_band_roformer,mel_band_roformer,instrumental,Vocals|Instrumental,Instrumental,870.8,supported,首选,vocal|instrumental,instrumental（伴奏）,推荐依据：伴奏提取强模型；适合去人声与保留伴奏细节。,config target_instrument=instrumental
57,Inst_ExperimentalV1.ckpt,伴奏/无人声提取,伴奏/无人声提取,mel_band_roformer,mel_band_roformer,instrumental,Instrumental|Vocals,Instrumental,870.7,supported,首选,vocal|instrumental,instrumental（伴奏）,推荐依据：伴奏提取强模型；适合去人声与保留伴奏细节。,config target_instrument=instrumental
58,Inst_Fv8.ckpt,伴奏/无人声提取,伴奏/无人声提取,mel_band_roformer,mel_band_roformer,instrumental,Instrumental|Vocals,Instrumental,870.7,supported,首选,vocal|instrumental,instrumental（伴奏）,推荐依据：伴奏提取强模型；适合去人声与保留伴奏细节。,config target_instrument=instrumental
59,Inst_Fv9.ckpt,伴奏/无人声提取,伴奏/无人声提取,mel_band_roformer,mel_band_roformer,instrumental,Instrumental|Vocals,Instrumental,870.8,supported,首选,vocal|instrumental,instrumental（伴奏）,推荐依据：伴奏提取强模型；适合去人声与保留伴奏细节。,config target_instrument=instrumental
60,inst_gaboxFlowersV10.ckpt,伴奏/无人声提取,伴奏/无人声提取,mel_band_roformer,mel_band_roformer,instrumental,Instrumental|Vocals,Instrumental,466.9,supported,首选,vocal|instrumental,instrumental（伴奏）,推荐依据：伴奏提取强模型；适合去人声与保留伴奏细节。,config target_instrument=instrumental
61,Inst_GaboxFv9.ckpt,伴奏/无人声提取,伴奏/无人声提取,mel_band_roformer,mel_band_roformer,instrumental,Instrumental|Vocals,Instrumental,870.8,supported,首选,vocal|instrumental,instrumental（伴奏）,推荐依据：伴奏提取强模型；适合去人声与保留伴奏细节。,config target_instrument=instrumental
62,Inst_GaboxV7.ckpt,伴奏/无人声提取,伴奏/无人声提取,mel_band_roformer,mel_band_roformer,instrumental,Instrumental|Vocals,Instrumental,870.7,supported,首选,vocal|instrumental,instrumental（伴奏）,推荐依据：伴奏提取强模型；适合去人声与保留伴奏细节。,config target_instrument=instrumental
63,last_mel_band_roformer.ckpt,伴奏/无人声提取,伴奏/无人声提取,mel_band_roformer,mel_band_roformer,instrumental,Vocals|Instrumental,Instrumental,2612.4,supported,首选,vocal|instrumental,instrumental（伴奏）,推荐依据：伴奏提取强模型；适合去人声与保留伴奏细节。,config target_instrument=instrumental
64,mel_band_roformer_instrumental_2_gabox.ckpt,伴奏/无人声提取,伴奏/无人声提取,mel_band_roformer,mel_band_roformer,instrumental,Instrumental|Vocals,Instrumental,870.7,supported,首选,vocal|instrumental,instrumental（伴奏）,推荐依据：伴奏提取强模型；适合去人声与保留伴奏细节。,config target_instrument=instrumental
65,mel_band_roformer_instrumental_3_gabox.ckpt,伴奏/无人声提取,伴奏/无人声提取,mel_band_roformer,mel_band_roformer,instrumental,Instrumental|Vocals,Instrumental,870.7,supported,首选,vocal|instrumental,instrumental（伴奏）,推荐依据：伴奏提取强模型；适合去人声与保留伴奏细节。,config target_instrument=instrumental
66,mel_band_roformer_instrumental_becruily.ckpt,伴奏/无人声提取,伴奏/无人声提取,mel_band_roformer,mel_band_roformer,instrumental,Instrumental|Vocals,Instrumental,870.8,supported,首选,vocal|instrumental,instrumental（伴奏）,推荐依据：MelBand 伴奏模型；适合保留伴奏细节。,config target_instrument=instrumental
67,mel_band_roformer_instrumental_fullness_noise_v4_gabox.ckpt,伴奏/无人声提取,伴奏/无人声提取,mel_band_roformer,mel_band_roformer,instrumental,Instrumental|Vocals,Instrumental,870.7,supported,首选,vocal|instrumental|denoise,instrumental（伴奏）,推荐依据：伴奏提取强模型；适合去人声与保留伴奏细节。,config target_instrument=instrumental
68,mel_band_roformer_instrumental_fullness_v1_gabox.ckpt,伴奏/无人声提取,伴奏/无人声提取,mel_band_roformer,mel_band_roformer,instrumental,Instrumental|Vocals,Instrumental,870.7,supported,首选,vocal|instrumental,instrumental（伴奏）,推荐依据：伴奏提取强模型；适合去人声与保留伴奏细节。,config target_instrument=instrumental
69,mel_band_roformer_instrumental_fullness_v2_gabox.ckpt,伴奏/无人声提取,伴奏/无人声提取,mel_band_roformer,mel_band_roformer,instrumental,Instrumental|Vocals,Instrumental,870.7,supported,首选,vocal|instrumental,instrumental（伴奏）,推荐依据：伴奏提取强模型；适合去人声与保留伴奏细节。,config target_instrument=instrumental
70,mel_band_roformer_instrumental_fullness_v3_gabox.ckpt,伴奏/无人声提取,伴奏/无人声提取,mel_band_roformer,mel_band_roformer,instrumental,Instrumental|Vocals,Instrumental,870.7,supported,首选,vocal|instrumental,instrumental（伴奏）,推荐依据：伴奏提取强模型；适合去人声与保留伴奏细节。,config target_instrument=instrumental
71,mel_band_roformer_instrumental_fullness_v4_gabox.ckpt,伴奏/无人声提取,伴奏/无人声提取,mel_band_roformer,mel_band_roformer,instrumental,Instrumental|Vocals,Instrumental,870.8,supported,首选,vocal|instrumental,instrumental（伴奏）,推荐依据：伴奏提取强模型；适合去人声与保留伴奏细节。,config target_instrument=instrumental
72,mel_band_roformer_instrumental_fv7z_gabox.ckpt,伴奏/无人声提取,伴奏/无人声提取,mel_band_roformer,mel_band_roformer,instrumental,Instrumental|Vocals,Instrumental,870.7,supported,首选,vocal|instrumental,instrumental（伴奏）,推荐依据：伴奏提取强模型；适合去人声与保留伴奏细节。,config target_instrument=instrumental
73,mel_band_roformer_instrumental_fv8_gabox.ckpt,伴奏/无人声提取,伴奏/无人声提取,mel_band_roformer,mel_band_roformer,instrumental,Instrumental|Vocals,Instrumental,870.7,supported,首选,vocal|instrumental,instrumental（伴奏）,推荐依据：SOTA 双轨分离；适合高质量伴奏/人声拆分。,config target_instrument=instrumental
74,mel_band_roformer_instrumental_fv8b_gabox.ckpt,伴奏/无人声提取,伴奏/无人声提取,mel_band_roformer,mel_band_roformer,instrumental,Instrumental|Vocals,Instrumental,870.7,supported,首选,vocal|instrumental,instrumental（伴奏）,推荐依据：伴奏提取强模型；适合去人声与保留伴奏细节。,config target_instrument=instrumental
75,mel_band_roformer_instrumental_fvx_gabox.ckpt,伴奏/无人声提取,伴奏/无人声提取,mel_band_roformer,mel_band_roformer,instrumental,Instrumental|Vocals,Instrumental,870.7,supported,首选,vocal|instrumental,instrumental（伴奏）,推荐依据：伴奏提取强模型；适合去人声与保留伴奏细节。,config target_instrument=instrumental
76,mel_band_roformer_instrumental_gabox.ckpt,伴奏/无人声提取,伴奏/无人声提取,mel_band_roformer,mel_band_roformer,instrumental,Instrumental|Vocals,Instrumental,870.7,supported,首选,vocal|instrumental,instrumental（伴奏）,推荐依据：伴奏提取强模型；适合去人声与保留伴奏细节。,config target_instrument=instrumental
77,mel_band_roformer_instrumental_instv5_gabox.ckpt,伴奏/无人声提取,伴奏/无人声提取,mel_band_roformer,mel_band_roformer,instrumental,Instrumental|Vocals,Instrumental,870.7,supported,首选,vocal|instrumental,instrumental（伴奏）,推荐依据：伴奏提取强模型；适合去人声与保留伴奏细节。,config target_instrument=instrumental
78,mel_band_roformer_instrumental_instv5n_gabox.ckpt,伴奏/无人声提取,伴奏/无人声提取,mel_band_roformer,mel_band_roformer,instrumental,Instrumental|Vocals,Instrumental,870.7,supported,首选,vocal|instrumental,instrumental（伴奏）,推荐依据：伴奏提取强模型；适合去人声与保留伴奏细节。,config target_instrument=instrumental
79,mel_band_roformer_instrumental_instv6_gabox.ckpt,伴奏/无人声提取,伴奏/无人声提取,mel_band_roformer,mel_band_roformer,instrumental,Instrumental|Vocals,Instrumental,870.7,supported,首选,vocal|instrumental,instrumental（伴奏）,推荐依据：伴奏提取强模型；适合去人声与保留伴奏细节。,config target_instrument=instrumental
80,mel_band_roformer_instrumental_instv6n_gabox.ckpt,伴奏/无人声提取,伴奏/无人声提取,mel_band_roformer,mel_band_roformer,instrumental,Instrumental|Vocals,Instrumental,870.7,supported,首选,vocal|instrumental,instrumental（伴奏）,推荐依据：伴奏提取强模型；适合去人声与保留伴奏细节。,config target_instrument=instrumental
81,mel_band_roformer_instrumental_instv7_gabox.ckpt,伴奏/无人声提取,伴奏/无人声提取,mel_band_roformer,mel_band_roformer,instrumental,Instrumental|Vocals,Instrumental,870.7,supported,首选,vocal|instrumental,instrumental（伴奏）,推荐依据：伴奏提取强模型；适合去人声与保留伴奏细节。,config target_instrument=instrumental
82,mel_band_roformer_instrumental_instv7n_gabox.ckpt,伴奏/无人声提取,伴奏/无人声提取,mel_band_roformer,mel_band_roformer,instrumental,Instrumental|Vocals,Instrumental,870.7,supported,首选,vocal|instrumental,instrumental（伴奏）,推荐依据：伴奏提取强模型；适合去人声与保留伴奏细节。,config target_instrument=instrumental
83,mel_band_roformer_instrumental_instv8_gabox.ckpt,伴奏/无人声提取,伴奏/无人声提取,mel_band_roformer,mel_band_roformer,instrumental,Instrumental|Vocals,Instrumental,870.7,supported,首选,vocal|instrumental,instrumental（伴奏）,推荐依据：伴奏提取强模型；适合去人声与保留伴奏细节。,config target_instrument=instrumental
84,mel_band_roformer_instrumental_instv8n_gabox.ckpt,伴奏/无人声提取,伴奏/无人声提取,mel_band_roformer,mel_band_roformer,instrumental,Instrumental|Vocals,Instrumental,870.7,supported,首选,vocal|instrumental,instrumental（伴奏）,推荐依据：伴奏提取强模型；适合去人声与保留伴奏细节。,config target_instrument=instrumental
85,model_mel_band_roformer_ep_0_sdr_11.4805.ckpt,伴奏/无人声提取,伴奏/无人声提取,mel_band_roformer,mel_band_roformer,instrumental,Vocals|Instrumental,Instrumental,2612.5,supported,首选,vocal|instrumental,instrumental（伴奏）,推荐依据：伴奏提取强模型；适合去人声与保留伴奏细节。,config target_instrument=instrumental
86,model_mel_band_roformer_ep_0_sdr_16.8230.ckpt,伴奏/无人声提取,伴奏/无人声提取,mel_band_roformer,mel_band_roformer,instrumental,,,870.8,supported,首选,vocal|instrumental,instrumental（伴奏）,推荐依据：伴奏提取强模型；适合去人声与保留伴奏细节。,inst/instrumental 名称
87,Neo_InstVFX.ckpt,伴奏/无人声提取,伴奏/无人声提取,mel_band_roformer,mel_band_roformer,instrumental,Instrumental|Vocals,Instrumental,870.8,supported,首选,vocal|instrumental,instrumental（伴奏）,推荐依据：伴奏提取强模型；适合去人声与保留伴奏细节。,config target_instrument=instrumental
88,small_inst.ckpt,伴奏/无人声提取,伴奏/无人声提取,mel_band_roformer,mel_band_roformer,instrumental,Instrumental|Vocals,Instrumental,193.2,supported,首选,vocal|instrumental,instrumental（伴奏）,推荐依据：伴奏提取强模型；适合去人声与保留伴奏细节。,config target_instrument=instrumental
89,bs_karaoke_gabox_IS.ckpt,卡拉OK/和声,卡拉OK/和声,bs_roformer,bs_roformer,backing_vocal,vocals|other,vocals,195.0,supported,首选,vocal|karaoke,lead/backing vocal（主唱/伴唱）,推荐依据：Karaoke 强模型；适合主唱、和声、伴唱分离。,config target_instrument=vocals; karaoke 作为和声/伴唱用途
90,bs_roformer_karaoke_anvuew.ckpt,卡拉OK/和声,卡拉OK/和声,bs_roformer,bs_roformer,backing_vocal,Vocals|Instrumental,Vocals,195.0,supported,首选,vocal|instrumental|karaoke,lead/backing vocal（主唱/伴唱）,推荐依据：BS-RoFormer Karaoke；适合主唱/伴唱分离。,config target_instrument=vocals; karaoke 作为和声/伴唱用途
91,bs_roformer_karaoke_frazer_becruily.ckpt,卡拉OK/和声,卡拉OK/和声,bs_roformer,bs_roformer,backing_vocal,Vocals|Instrumental,Vocals,195.0,supported,精选,vocal|instrumental|karaoke,backing vocal（伴唱）,推荐依据：伴唱分离表现好；适合和声、人声垫底提取。,config target_instrument=vocals; karaoke 作为和声/伴唱用途
92,Karaoke_GaboxV1.ckpt,卡拉OK/和声,卡拉OK/和声,mel_band_roformer,mel_band_roformer,backing_vocal,Instrumental|Vocals,Vocals,870.8,supported,首选,vocal|instrumental|karaoke,lead/backing vocal（主唱/伴唱）,推荐依据：Karaoke 强模型；适合主唱、和声、伴唱分离。,config target_instrument=vocals; karaoke 作为和声/伴唱用途
93,mel_band_karaoke_fusion_aggressive.ckpt,卡拉OK/和声,卡拉OK/和声,mel_band_roformer,mel_band_roformer,backing_vocal,Vocals|Instrumental,Vocals,870.8,supported,首选,vocal|instrumental|karaoke,lead/backing vocal（主唱/伴唱）,推荐依据：Karaoke 强模型；适合主唱、和声、伴唱分离。,config target_instrument=vocals; karaoke 作为和声/伴唱用途
94,mel_band_karaoke_fusion_standard.ckpt,卡拉OK/和声,卡拉OK/和声,mel_band_roformer,mel_band_roformer,backing_vocal,Vocals|Instrumental,Vocals,870.8,supported,首选,vocal|instrumental|karaoke,lead/backing vocal（主唱/伴唱）,推荐依据：Karaoke 强模型；适合主唱、和声、伴唱分离。,config target_instrument=vocals; karaoke 作为和声/伴唱用途
95,mel_band_roformer_bve_gonza.ckpt,卡拉OK/和声,卡拉OK/和声,mel_band_roformer,mel_band_roformer,backing_vocal,Lead|Back,Lead,870.8,supported,精选,karaoke,backing vocal（伴唱）,推荐依据：RoFormer BVE 模型；适合复杂人声层次分离。,back vocal/BVE 名称
96,mel_band_roformer_karaoke_becruily.ckpt,卡拉OK/和声,卡拉OK/和声,mel_band_roformer,mel_band_roformer,vocals/instrumental,Vocals|Instrumental,,1639.5,supported,精选,vocal|instrumental|karaoke,backing vocal（伴唱）,推荐依据：伴唱分离表现好；适合和声、人声垫底提取。,config two stems + karaoke name
97,mel_band_roformer_karaoke_gabox.ckpt,卡拉OK/和声,卡拉OK/和声,mel_band_roformer,mel_band_roformer,backing_vocal,Vocals|Instrumental,Vocals,870.7,supported,首选,vocal|instrumental|karaoke,lead/backing vocal（主唱/伴唱）,推荐依据：MelBand Karaoke；适合 lead/backing vocal 拆分。,config target_instrument=vocals; karaoke 作为和声/伴唱用途
98,mel_band_roformer_karaoke_gabox_v2.ckpt,卡拉OK/和声,卡拉OK/和声,mel_band_roformer,mel_band_roformer,backing_vocal,Vocals|Instrumental,Vocals,870.8,supported,首选,vocal|instrumental|karaoke,lead/backing vocal（主唱/伴唱）,推荐依据：Karaoke 强模型；适合主唱、和声、伴唱分离。,config target_instrument=vocals; karaoke 作为和声/伴唱用途
99,model_mel_band_roformer_karaoke_aufr33_viperx_sdr_10.1956.ckpt,卡拉OK/和声,卡拉OK/和声,mel_band_roformer,mel_band_roformer,instrumental/vocals,,,870.8,supported,首选,instrumental|karaoke,lead/backing vocal（主唱/伴唱）,推荐依据：Karaoke 强模型；适合主唱、和声、伴唱分离。,karaoke 名称，按和声/伴唱用途归类
100,small_karaoke_gaboxaufr.ckpt,卡拉OK/和声,卡拉OK/和声,mel_band_roformer,mel_band_roformer,backing_vocal,Instrumental|Vocals,Vocals,193.2,supported,精选,vocal|instrumental|karaoke,backing_vocal（和声）,推荐依据：轻量伴唱模型；适合 backing vocal/和声测试。,config target_instrument=vocals; karaoke 作为和声/伴唱用途
101,0d19c1c6-0f06f20e.th,传统非 VR 模型,Demucs/HTDemucs 系列,legacy_demucs,demucs,,,,169.8,supported,,,Demucs/HTDemucs 系列,依据：Demucs/HTDemucs/.th 名称或格式,Demucs/HTDemucs/.th 名称或格式
102,1ef250f1-592467ce.th,传统非 VR 模型,Demucs/HTDemucs 系列,legacy_demucs,demucs,,,,255.2,supported,,,Demucs/HTDemucs 系列,依据：Demucs/HTDemucs/.th 名称或格式,Demucs/HTDemucs/.th 名称或格式
103,75fc33f5-1941ce65.th,传统非 VR 模型,Demucs/HTDemucs 系列,legacy_demucs,demucs,,,,159.7,supported,,,Demucs/HTDemucs 系列,依据：Demucs/HTDemucs/.th 名称或格式,Demucs/HTDemucs/.th 名称或格式
104,7d865c68-3d5dd56b.th,传统非 VR 模型,Demucs/HTDemucs 系列,legacy_demucs,demucs,,,,160.1,supported,,,Demucs/HTDemucs 系列,依据：Demucs/HTDemucs/.th 名称或格式,Demucs/HTDemucs/.th 名称或格式
105,7ecf8ec1-70f50cc9.th,传统非 VR 模型,Demucs/HTDemucs 系列,legacy_demucs,demucs,,,,169.8,supported,,,Demucs/HTDemucs 系列,依据：Demucs/HTDemucs/.th 名称或格式,Demucs/HTDemucs/.th 名称或格式
106,902315c2-b39ce9c9.th,传统非 VR 模型,Demucs/HTDemucs 系列,legacy_demucs,demucs,,,,159.7,supported,,,Demucs/HTDemucs 系列,依据：Demucs/HTDemucs/.th 名称或格式,Demucs/HTDemucs/.th 名称或格式
107,9a6b4851-03af0aa6.th,传统非 VR 模型,Demucs/HTDemucs 系列,legacy_demucs,demucs,,,,255.2,supported,,,Demucs/HTDemucs 系列,依据：Demucs/HTDemucs/.th 名称或格式,Demucs/HTDemucs/.th 名称或格式
108,cfa93e08-61801ae1.th,传统非 VR 模型,Demucs/HTDemucs 系列,legacy_demucs,demucs,,,,159.6,supported,,,Demucs/HTDemucs 系列,依据：Demucs/HTDemucs/.th 名称或格式,Demucs/HTDemucs/.th 名称或格式
109,demucs-e07c671f.th,传统非 VR 模型,Demucs/HTDemucs 系列,legacy_demucs,demucs,,,,1013.5,supported,,,Demucs/HTDemucs 系列,依据：Demucs/HTDemucs/.th 名称或格式,Demucs/HTDemucs/.th 名称或格式
110,demucs.th,传统非 VR 模型,Demucs/HTDemucs 系列,legacy_demucs,demucs,,,,2474.0,supported,,,Demucs/HTDemucs 系列,依据：Demucs/HTDemucs/.th 名称或格式,Demucs/HTDemucs/.th 名称或格式
111,demucs48_hq-28a1282c.th,传统非 VR 模型,Demucs/HTDemucs 系列,legacy_demucs,demucs,,,,570.2,supported,,,Demucs/HTDemucs 系列,依据：Demucs/HTDemucs/.th 名称或格式,Demucs/HTDemucs/.th 名称或格式
112,demucs_extra-3646af93.th,传统非 VR 模型,Demucs/HTDemucs 系列,legacy_demucs,demucs,,,,1013.5,supported,,,Demucs/HTDemucs 系列,依据：Demucs/HTDemucs/.th 名称或格式,Demucs/HTDemucs/.th 名称或格式
113,demucs_extra.th,传统非 VR 模型,Demucs/HTDemucs 系列,legacy_demucs,demucs,,,,2474.0,supported,,,Demucs/HTDemucs 系列,依据：Demucs/HTDemucs/.th 名称或格式,Demucs/HTDemucs/.th 名称或格式
114,demucs_unittest-09ebc15f.th,传统非 VR 模型,Demucs/HTDemucs 系列,legacy_demucs,demucs,,,,4.0,supported,,,Demucs/HTDemucs 系列,依据：Demucs/HTDemucs/.th 名称或格式,Demucs/HTDemucs/.th 名称或格式
115,e51eebcc-c1b80bdd.th,传统非 VR 模型,Demucs/HTDemucs 系列,legacy_demucs,demucs,,,,159.6,supported,,,Demucs/HTDemucs 系列,依据：Demucs/HTDemucs/.th 名称或格式,Demucs/HTDemucs/.th 名称或格式
116,ebf34a2db.th,传统非 VR 模型,Demucs/HTDemucs 系列,legacy_demucs,demucs,,,,159.6,supported,,,Demucs/HTDemucs 系列,依据：Demucs/HTDemucs/.th 名称或格式,Demucs/HTDemucs/.th 名称或格式
117,fa0cb7f9-100d8bf4.th,传统非 VR 模型,Demucs/HTDemucs 系列,legacy_demucs,demucs,,,,159.7,supported,,,Demucs/HTDemucs 系列,依据：Demucs/HTDemucs/.th 名称或格式,Demucs/HTDemucs/.th 名称或格式
118,HTDemucs4_FT_other.th,传统非 VR 模型,Demucs/HTDemucs 系列,htdemucs,htdemucs,,,,80.2,supported,,,Demucs/HTDemucs 系列,依据：Demucs/HTDemucs/.th 名称或格式,Demucs/HTDemucs/.th 名称或格式
119,light.th,传统非 VR 模型,Demucs/HTDemucs 系列,legacy_demucs,demucs,,,,1013.5,supported,,,Demucs/HTDemucs 系列,依据：Demucs/HTDemucs/.th 名称或格式,Demucs/HTDemucs/.th 名称或格式
120,tasnet-beb46fac.th,传统非 VR 模型,Demucs/HTDemucs 系列,legacy_tasnet,tasnet,,,,42.0,supported,,,Demucs/HTDemucs 系列,依据：Demucs/HTDemucs/.th 名称或格式,Demucs/HTDemucs/.th 名称或格式
121,tasnet.th,传统非 VR 模型,Demucs/HTDemucs 系列,legacy_tasnet,tasnet,,,,41.9,supported,,,Demucs/HTDemucs 系列,依据：Demucs/HTDemucs/.th 名称或格式,Demucs/HTDemucs/.th 名称或格式
122,UVR-BVE-4B_SN-44100-1.pth,传统 VR 模型,VR 伴唱/和声,vr,vr,backing_vocal,,,213.3,supported,精选,karaoke,backing vocal（伴唱）,推荐依据：RoFormer BVE 模型；适合复杂人声层次分离。,官方 is_bv_model/BVE 名称
123,UVR-De-Echo-Aggressive.pth,传统 VR 模型,VR 去回声,vr,vr,echo,,,121.2,supported,,dereverb,VR 去回声,输出目标：echo。依据：VR De-Echo 名称,VR De-Echo 名称
124,UVR-De-Echo-Normal.pth,传统 VR 模型,VR 去回声,vr,vr,echo,,,121.2,supported,,dereverb,VR 去回声,输出目标：echo。依据：VR De-Echo 名称,VR De-Echo 名称
125,UVR-DeEcho-DeReverb.pth,传统 VR 模型,VR 去回声+去混响,vr,vr,echo/reverb,,,213.3,supported,,dereverb,VR 去回声+去混响,输出目标：echo/reverb。依据：VR DeEcho-DeReverb 名称,VR DeEcho-DeReverb 名称
126,UVR-DeNoise-Lite.pth,传统 VR 模型,VR 降噪,vr,vr,noise,,,17.1,supported,首选,denoise,denoise（降噪）,推荐依据：降噪专用模型；适合噪声、人群声、底噪处理。,VR DeNoise 名称
127,UVR-DeNoise.pth,传统 VR 模型,VR 降噪,vr,vr,noise,,,121.2,supported,首选,denoise,denoise（降噪）,推荐依据：降噪专用模型；适合噪声、人群声、底噪处理。,VR DeNoise 名称
128,UVR-DeReverb-aufr33-jarredou_4band_v4_ms_fullband.pth,传统 VR 模型,VR 去混响,vr,vr,reverb,,,56.2,supported,,dereverb,VR 去混响,输出目标：reverb。依据：VR DeReverb 名称,VR DeReverb 名称
129,Harmonic_Noise_Separation_yxlllc.pth,传统 VR 模型,VR 谐波/噪声分离,vr,vr,noise/no_noise,,,56.6,supported,,denoise,VR 谐波/噪声分离,输出目标：noise/no_noise。依据：Harmonic_Noise 名称,Harmonic_Noise 名称
130,7_HP2-UVR.pth,传统 VR 模型,VR HP2 系列,vr,vr,instrumental/vocals,,,524.6,supported,,instrumental,VR HP2 系列,输出目标：instrumental/vocals。依据：HP2 系列名称,HP2 系列名称
131,8_HP2-UVR.pth,传统 VR 模型,VR HP2 系列,vr,vr,instrumental/vocals,,,524.6,supported,,instrumental,VR HP2 系列,输出目标：instrumental/vocals。依据：HP2 系列名称,HP2 系列名称
132,9_HP2-UVR.pth,传统 VR 模型,VR HP2 系列,vr,vr,instrumental/vocals,,,524.6,supported,,instrumental,VR HP2 系列,输出目标：instrumental/vocals。依据：HP2 系列名称,HP2 系列名称
133,1_HP-UVR.pth,传统 VR 模型,VR 伴奏/无人声提取,vr,vr,instrumental,,,120.9,supported,,vocal|instrumental,VR 伴奏/无人声提取,输出目标：instrumental。依据：VR 默认 Instrumental/Vocals 二轨,VR 默认 Instrumental/Vocals 二轨
134,2_HP-UVR.pth,传统 VR 模型,VR 伴奏/无人声提取,vr,vr,instrumental,,,120.9,supported,,vocal|instrumental,VR 伴奏/无人声提取,输出目标：instrumental。依据：VR 默认 Instrumental/Vocals 二轨,VR 默认 Instrumental/Vocals 二轨
135,5_HP-Karaoke-UVR.pth,传统 VR 模型,VR 和声/伴唱,vr,vr,instrumental/vocals,,,120.9,supported,首选,instrumental|karaoke,lead/backing vocal（主唱/伴唱）,推荐依据：Karaoke 强模型；适合主唱、和声、伴唱分离。,官方 is_karaoke/Karaoke 名称
136,6_HP-Karaoke-UVR.pth,传统 VR 模型,VR 和声/伴唱,vr,vr,instrumental/vocals,,,120.9,supported,首选,instrumental|karaoke,lead/backing vocal（主唱/伴唱）,推荐依据：Karaoke 强模型；适合主唱、和声、伴唱分离。,官方 is_karaoke/Karaoke 名称
137,MGM_HIGHEND_v4.pth,传统 VR 模型,VR MGM 系列,vr,vr,instrumental/vocals,,,30.4,supported,,instrumental,VR MGM 系列,输出目标：instrumental/vocals。依据：MGM 系列名称,MGM 系列名称
138,MGM_LOWEND_A_v4.pth,传统 VR 模型,VR MGM 系列,vr,vr,instrumental/vocals,,,30.5,supported,,instrumental,VR MGM 系列,输出目标：instrumental/vocals。依据：MGM 系列名称,MGM 系列名称
139,MGM_LOWEND_B_v4.pth,传统 VR 模型,VR MGM 系列,vr,vr,instrumental/vocals,,,30.5,supported,,instrumental,VR MGM 系列,输出目标：instrumental/vocals。依据：MGM 系列名称,MGM 系列名称
140,MGM_MAIN_v4.pth,传统 VR 模型,VR MGM 系列,vr,vr,instrumental/vocals,,,30.5,supported,,instrumental,VR MGM 系列,输出目标：instrumental/vocals。依据：MGM 系列名称,MGM 系列名称
141,10_SP-UVR-2B-32000-1.pth,传统 VR 模型,VR SP 系列,vr,vr,instrumental/vocals,,,30.5,supported,,instrumental,VR SP 系列,输出目标：instrumental/vocals。依据：SP-UVR 系列名称,SP-UVR 系列名称
142,11_SP-UVR-2B-32000-2.pth,传统 VR 模型,VR SP 系列,vr,vr,instrumental/vocals,,,30.5,supported,,instrumental,VR SP 系列,输出目标：instrumental/vocals。依据：SP-UVR 系列名称,SP-UVR 系列名称
143,12_SP-UVR-3B-44100.pth,传统 VR 模型,VR SP 系列,vr,vr,instrumental/vocals,,,30.5,supported,,instrumental,VR SP 系列,输出目标：instrumental/vocals。依据：SP-UVR 系列名称,SP-UVR 系列名称
144,13_SP-UVR-4B-44100-1.pth,传统 VR 模型,VR SP 系列,vr,vr,instrumental/vocals,,,30.5,supported,,instrumental,VR SP 系列,输出目标：instrumental/vocals。依据：SP-UVR 系列名称,SP-UVR 系列名称
145,14_SP-UVR-4B-44100-2.pth,传统 VR 模型,VR SP 系列,vr,vr,instrumental/vocals,,,30.5,supported,,instrumental,VR SP 系列,输出目标：instrumental/vocals。依据：SP-UVR 系列名称,SP-UVR 系列名称
146,15_SP-UVR-MID-44100-1.pth,传统 VR 模型,VR SP 系列,vr,vr,instrumental/vocals,,,30.5,supported,,instrumental,VR SP 系列,输出目标：instrumental/vocals。依据：SP-UVR 系列名称,SP-UVR 系列名称
147,16_SP-UVR-MID-44100-2.pth,传统 VR 模型,VR SP 系列,vr,vr,instrumental/vocals,,,30.5,supported,,instrumental,VR SP 系列,输出目标：instrumental/vocals。依据：SP-UVR 系列名称,SP-UVR 系列名称
148,3_HP-Vocal-UVR.pth,传统 VR 模型,VR 人声提取,vr,vr,vocals,,,120.9,supported,,vocal,VR 人声提取,输出目标：vocals。依据：官方 primary_stem/name 指向 Vocals,官方 primary_stem/name 指向 Vocals
149,4_HP-Vocal-UVR.pth,传统 VR 模型,VR 人声提取,vr,vr,vocals,,,120.9,supported,,vocal,VR 人声提取,输出目标：vocals。依据：官方 primary_stem/name 指向 Vocals,官方 primary_stem/name 指向 Vocals
150,17_HP-Wind_Inst-UVR.pth,传统 VR 模型,VR 风声/管乐伴奏,vr,vr,woodwinds,,,213.3,supported,,instrumental,VR 风声/管乐伴奏,输出目标：woodwinds。依据：Wind_Inst 名称,Wind_Inst 名称
151,checkpoint-multi_fixed.ckpt,音乐多轨/分轨,DNR 对话/音乐/音效分轨,bandit,unknown,speech/music/effects,Speech|Music|Effects,,142.2,supported,首选,speech,speech/music/effects（三分轨）,推荐依据：对白/音乐/音效三分轨；适合影视素材拆分。,config instruments=speech/music/effects
152,model_bandit_plus_dnr_sdr_11.47.ckpt,音乐多轨/分轨,DNR 对话/音乐/音效分轨,bandit,bandit,speech/music/effects,Speech|Music|Effects,,142.0,supported,首选,speech,speech/music/effects（三分轨）,推荐依据：DnR 三分轨模型；适合对白、音乐、音效拆分。,DNR 名称
153,aufr33-jarredou_DrumSep_model_mdx23c_ep_141_sdr_10.8059.ckpt,音乐多轨/分轨,鼓组细分,mdx23c,mdx23c,drums,kick|snare|toms|hh|ride|crash,,417.4,supported,首选,drums,drums（鼓组）,推荐依据：鼓组细分强模型；适合 kick/snare/cymbals/toms 拆分。,drumsep 名称
154,drumsep_5stems_mdx23c_jarredou.ckpt,音乐多轨/分轨,鼓组细分,mdx23c,mdx23c,drums,kick|snare|toms|hh|ride|crash,,417.4,supported,精选,drums,drums（鼓组）,推荐依据：鼓组多分轨模型；适合鼓组层次提取。,drumsep 名称
155,gilliaan_drumsV1.ckpt,音乐多轨/分轨,鼓组细分,bs_roformer,bs_roformer,drums/other,drums|other,,289.4,supported,精选,drums,drums（鼓组）,推荐依据：鼓组细分模型；适合 kick/snare/cymbals/toms 拆分。,DrumsOther Duality 名称
156,model_drumsep.th,音乐多轨/分轨,鼓组细分,htdemucs,demucs,drums,kick|snare|cymbals|toms,,159.6,supported,精选,drums,drums（鼓组）,推荐依据：HDemucs 鼓组拆分备选；适合稳定对照与轻量测试。,drumsep 名称
157,bs_roformer_4stems_ft.ckpt,音乐多轨/分轨,四轨分离,bs_roformer,bs_roformer,drums/bass/other/vocals,,,502.8,supported,精选,four_stem|drums,4 stems（四分轨）,推荐依据：BS-RoFormer 四分轨；适合高质量音乐分层。,4 stems/MUSDB/HTDemucs4 名称
158,HTDemucs4.th,音乐多轨/分轨,四轨分离,htdemucs,htdemucs,drums/bass/other/vocals,,,80.2,supported,精选,four_stem|drums,4 stems（四分轨）,推荐依据：稳定四分轨模型；适合通用拆分与对照测试。,4 stems/MUSDB/HTDemucs4 名称
159,huge_scnet_4stems_fullness.ckpt,音乐多轨/分轨,四轨分离,scnet,scnet,drums/bass/other/vocals,,,377.3,supported,精选,four_stem|drums,4 stems（四分轨）,推荐依据：SCNet 四分轨；适合更高质量但显存更高。,4 stems/MUSDB/HTDemucs4 名称
160,huge_scnet_4stems_strong_fullness.ckpt,音乐多轨/分轨,四轨分离,scnet,scnet,drums/bass/other/vocals,,,377.3,supported,精选,four_stem|drums,4 stems（四分轨）,推荐依据：稳定四分轨模型；适合通用拆分与对照测试。,4 stems/MUSDB/HTDemucs4 名称
161,huge_scnet_4stems_v1.2.ckpt,音乐多轨/分轨,四轨分离,scnet,scnet,drums/bass/other/vocals,,,377.3,supported,精选,four_stem|drums,4 stems（四分轨）,推荐依据：SCNet 高质量四分轨；适合更高质量但显存更高。,4 stems/MUSDB/HTDemucs4 名称
162,mel_band_roformer_4stems_large_ver1.ckpt,音乐多轨/分轨,四轨分离,mel_band_roformer,mel_band_roformer,drums/bass/other/vocals,,,3589.7,supported,精选,four_stem|drums,4 stems（四分轨）,推荐依据：稳定四分轨模型；适合通用拆分与对照测试。,4 stems/MUSDB/HTDemucs4 名称
163,mel_band_roformer_4stems_xl_ver1.ckpt,音乐多轨/分轨,四轨分离,mel_band_roformer,mel_band_roformer,drums/bass/other/vocals,,,6114.1,supported,精选,four_stem|drums,4 stems（四分轨）,推荐依据：稳定四分轨模型；适合通用拆分与对照测试。,4 stems/MUSDB/HTDemucs4 名称
164,MelBandRoformer4StemFTLarge.ckpt,音乐多轨/分轨,四轨分离,mel_band_roformer,mel_band_roformer,drums/bass/other/vocals,,,3589.7,supported,精选,four_stem|drums,4 stems（四分轨）,推荐依据：稳定四分轨模型；适合通用拆分与对照测试。,4 stems/MUSDB/HTDemucs4 名称
165,model_bs_roformer_ep_17_sdr_9.6568.ckpt,音乐多轨/分轨,四轨分离,bs_roformer,bs_roformer,drums/bass/other/vocals,drums|bass|other|vocals,,503.0,supported,,four_stem|drums,四轨分离,输出目标：drums/bass/other/vocals。依据：config 4 stems,config 4 stems
166,model_mdx23c_ep_168_sdr_7.0207.ckpt,音乐多轨/分轨,四轨分离,mdx23c,mdx23c,drums/bass/other/vocals,vocals|bass|drums|other,,427.4,supported,首选,vocal|four_stem|drums,4 stems（四分轨）,推荐依据：经典四分轨强模型；适合 bass/drums/vocals/other。,config 4 stems
167,model_mel_band_roformer_ep_168_sdr_7.8127.ckpt,音乐多轨/分轨,四轨分离,mel_band_roformer,mel_band_roformer,drums/bass/other/vocals,drums|bass|other|vocals,,239.3,supported,,four_stem|drums,四轨分离,输出目标：drums/bass/other/vocals。依据：config 4 stems,config 4 stems
168,model_mel_band_roformer_ep_1_sdr_8.2175.ckpt,音乐多轨/分轨,四轨分离,mel_band_roformer,mel_band_roformer,drums/bass/other/vocals,drums|bass|other|vocals,,223.2,supported,,four_stem|drums,四轨分离,输出目标：drums/bass/other/vocals。依据：config 4 stems,config 4 stems
169,model_mel_band_roformer_ep_38_sdr_6.4698.ckpt,音乐多轨/分轨,四轨分离,mel_band_roformer,mel_band_roformer,drums/bass/other/vocals,drums|bass|other|vocals,,78.1,supported,,four_stem|drums,四轨分离,输出目标：drums/bass/other/vocals。依据：config 4 stems,config 4 stems
170,model_mel_band_roformer_ep_7_sdr_6.8652.ckpt,音乐多轨/分轨,四轨分离,mel_band_roformer,mel_band_roformer,drums/bass/other/vocals,drums|bass|other|vocals,,78.1,supported,,four_stem|drums,四轨分离,输出目标：drums/bass/other/vocals。依据：config 4 stems,config 4 stems
171,model_mel_band_roformer_experimental_ep_15_sdr_6.4908.ckpt,音乐多轨/分轨,四轨分离,mel_band_roformer,mel_band_roformer,drums/bass/other/vocals,drums|bass|other|vocals,,78.1,supported,,four_stem|drums,四轨分离,输出目标：drums/bass/other/vocals。依据：config 4 stems,config 4 stems
172,model_mel_band_roformer_experimental_ep_166_sdr_6.7022.ckpt,音乐多轨/分轨,四轨分离,mel_band_roformer,mel_band_roformer,drums/bass/other/vocals,drums|bass|other|vocals,,113.1,supported,,four_stem|drums,四轨分离,输出目标：drums/bass/other/vocals。依据：config 4 stems,config 4 stems
173,model_mel_band_roformer_experimental_ep_48_sdr_7.0412.ckpt,音乐多轨/分轨,四轨分离,mel_band_roformer,mel_band_roformer,drums/bass/other/vocals,drums|bass|other|vocals,,113.1,supported,,four_stem|drums,四轨分离,输出目标：drums/bass/other/vocals。依据：config 4 stems,config 4 stems
174,model_mel_band_roformer_experimental_ep_53_sdr_5.1235.ckpt,音乐多轨/分轨,四轨分离,mel_band_roformer,mel_band_roformer,drums/bass/other/vocals,drums|bass|other|vocals,,28.5,supported,,four_stem|drums,四轨分离,输出目标：drums/bass/other/vocals。依据：config 4 stems,config 4 stems
175,model_mel_band_roformer_experimental_ep_9_sdr_6.5254.ckpt,音乐多轨/分轨,四轨分离,mel_band_roformer,mel_band_roformer,drums/bass/other/vocals,drums|bass|other|vocals,,169.3,supported,,four_stem|drums,四轨分离,输出目标：drums/bass/other/vocals。依据：config 4 stems,config 4 stems
176,model_scnet_ep_36_sdr_10.0891.ckpt,音乐多轨/分轨,四轨分离,scnet,scnet,drums/bass/other/vocals,drums|bass|other|vocals,,204.1,supported,精选,four_stem|drums,4 stems（四分轨）,推荐依据：SCNet 高质量四分轨；适合更高质量但显存更高。,config 4 stems
177,model_scnet_ep_54_sdr_9.8051.ckpt,音乐多轨/分轨,四轨分离,scnet,scnet,drums/bass/other/vocals,drums|bass|other|vocals,,206.2,supported,精选,four_stem|drums,4 stems（四分轨）,推荐依据：SCNet 高质量四分轨；适合更高质量但显存更高。,config 4 stems
178,model_scnet_masked_ep_111_sdr_9.8286.ckpt,音乐多轨/分轨,四轨分离,scnet,scnet,drums/bass/other/vocals,drums|bass|other|vocals,,204.2,supported,精选,four_stem|drums,4 stems（四分轨）,推荐依据：SCNet 高质量四分轨；适合更高质量但显存更高。,config 4 stems
179,model_scnet_masked_ep_156_sdr_8.8149.ckpt,音乐多轨/分轨,四轨分离,scnet,scnet,drums/bass/other/vocals,drums|bass|other|vocals,,40.5,supported,精选,four_stem|drums,4 stems（四分轨）,推荐依据：SCNet 高质量四分轨；适合更高质量但显存更高。,config 4 stems
180,model_scnet_sdr_9.3244.ckpt,音乐多轨/分轨,四轨分离,scnet,scnet,drums/bass/other/vocals,drums|bass|other|vocals,,161.0,supported,精选,four_stem|drums,4 stems（四分轨）,推荐依据：SCNet 高质量四分轨；适合更高质量但显存更高。,config 4 stems
181,model_scnet_tran_sdr_8.9272.ckpt,音乐多轨/分轨,四轨分离,scnet,scnet,drums/bass/other/vocals,drums|bass|other|vocals,,39.8,supported,精选,four_stem|drums,4 stems（四分轨）,推荐依据：SCNet 高质量四分轨；适合更高质量但显存更高。,config 4 stems
182,SCNet-large_starrytong_fixed.ckpt,音乐多轨/分轨,四轨分离,scnet,scnet,drums/bass/other/vocals,drums|bass|other|vocals,,161.0,supported,精选,four_stem|drums,4 stems（四分轨）,推荐依据：SCNet 高质量四分轨；适合更高质量但显存更高。,config 4 stems
183,scnet_checkpoint_musdb18.ckpt,音乐多轨/分轨,四轨分离,scnet,scnet,drums/bass/other/vocals,drums|bass|other|vocals,,40.5,supported,精选,four_stem|drums,4 stems（四分轨）,推荐依据：SCNet 高质量四分轨；适合更高质量但显存更高。,config 4 stems
184,ver2.ckpt,音乐多轨/分轨,四轨分离,mel_band_roformer,mel_band_roformer,drums/bass/other/vocals,,,3589.7,supported,精选,four_stem|drums,4 stems（四分轨）,推荐依据：稳定四分轨模型；适合通用拆分与对照测试。,4 stems/MUSDB/HTDemucs4 名称
185,bs_mega_53stem_accordion_mvsep.ckpt,音乐多轨/分轨,MVSep 53 轨分离,bs_roformer,bs_roformer,accordion,accordion|other,accordion,74.0,supported,精选,mega_53|single_instrument,53 stems（53分轨）,推荐依据：53 分轨单乐器模型；适合 accordion 定位与提取。,MVSep Mega 53-stem 命名
186,bs_mega_53stem_acoustic-guitar_mvsep.ckpt,音乐多轨/分轨,MVSep 53 轨分离,bs_roformer,bs_roformer,acoustic-guitar,acoustic-guitar|other,acoustic-guitar,74.0,supported,精选,mega_53|single_instrument,guitar（吉他）,推荐依据：53 分轨吉他子模型；适合吉他声部定位。,MVSep Mega 53-stem 命名
187,bs_mega_53stem_back-vocal_mvsep.ckpt,音乐多轨/分轨,MVSep 53 轨分离,bs_roformer,bs_roformer,back-vocal,back-vocal|other,back-vocal,74.0,supported,精选,mega_53|single_instrument|karaoke,53 stems（53分轨）,推荐依据：53 分轨单乐器模型；适合 back-vocal 定位与提取。,MVSep Mega 53-stem 命名
188,bs_mega_53stem_banjo_mvsep.ckpt,音乐多轨/分轨,MVSep 53 轨分离,bs_roformer,bs_roformer,banjo,banjo|other,banjo,74.0,supported,精选,mega_53|single_instrument,53 stems（53分轨）,推荐依据：53 分轨单乐器模型；适合 banjo 定位与提取。,MVSep Mega 53-stem 命名
189,bs_mega_53stem_bass_mvsep.ckpt,音乐多轨/分轨,MVSep 53 轨分离,bs_roformer,bs_roformer,bass,bass|other,bass,74.0,supported,精选,mega_53|single_instrument,53 stems（53分轨）,推荐依据：53 分轨单乐器模型；适合 bass 定位与提取。,MVSep Mega 53-stem 命名
190,bs_mega_53stem_bassoon_mvsep.ckpt,音乐多轨/分轨,MVSep 53 轨分离,bs_roformer,bs_roformer,bassoon,bassoon|other,bassoon,74.0,supported,精选,mega_53|single_instrument,53 stems（53分轨）,推荐依据：53 分轨单乐器模型；适合 bassoon 定位与提取。,MVSep Mega 53-stem 命名
191,bs_mega_53stem_bells_mvsep.ckpt,音乐多轨/分轨,MVSep 53 轨分离,bs_roformer,bs_roformer,bells,bells|other,bells,74.0,supported,精选,mega_53|single_instrument,53 stems（53分轨）,推荐依据：53 分轨单乐器模型；适合 bells 定位与提取。,MVSep Mega 53-stem 命名
192,bs_mega_53stem_bowed_strings_mvsep.ckpt,音乐多轨/分轨,MVSep 53 轨分离,bs_roformer,bs_roformer,bowed-strings,bowed_strings|other,bowed_strings,74.0,supported,精选,mega_53|single_instrument,strings（弦乐）,推荐依据：53 分轨弦乐子模型；适合弦乐层定位与提取。,MVSep Mega 53-stem 命名
193,bs_mega_53stem_brass_mvsep.ckpt,音乐多轨/分轨,MVSep 53 轨分离,bs_roformer,bs_roformer,brass,brass|other,brass,74.0,supported,精选,mega_53|single_instrument,53 stems（53分轨）,推荐依据：53 分轨单乐器模型；适合 brass 定位与提取。,MVSep Mega 53-stem 命名
194,bs_mega_53stem_cello_mvsep.ckpt,音乐多轨/分轨,MVSep 53 轨分离,bs_roformer,bs_roformer,cello,cello|other,cello,74.0,supported,精选,mega_53|single_instrument,53 stems（53分轨）,推荐依据：53 分轨单乐器模型；适合 cello 定位与提取。,MVSep Mega 53-stem 命名
195,bs_mega_53stem_clarinet_mvsep.ckpt,音乐多轨/分轨,MVSep 53 轨分离,bs_roformer,bs_roformer,clarinet,clarinet|other,clarinet,74.0,supported,精选,mega_53|single_instrument,53 stems（53分轨）,推荐依据：53 分轨单乐器模型；适合 clarinet 定位与提取。,MVSep Mega 53-stem 命名
196,bs_mega_53stem_congas_mvsep.ckpt,音乐多轨/分轨,MVSep 53 轨分离,bs_roformer,bs_roformer,congas,congas|other,congas,74.0,supported,精选,mega_53|single_instrument,53 stems（53分轨）,推荐依据：53 分轨单乐器模型；适合 congas 定位与提取。,MVSep Mega 53-stem 命名
197,bs_mega_53stem_digital-piano_mvsep.ckpt,音乐多轨/分轨,MVSep 53 轨分离,bs_roformer,bs_roformer,digital-piano,digital-piano|other,digital-piano,74.0,supported,精选,mega_53|single_instrument,53 stems（53分轨）,推荐依据：53 分轨单乐器模型；适合 digital-piano 定位与提取。,MVSep Mega 53-stem 命名
198,bs_mega_53stem_dobro_mvsep.ckpt,音乐多轨/分轨,MVSep 53 轨分离,bs_roformer,bs_roformer,dobro,dobro|other,dobro,74.0,supported,精选,mega_53|single_instrument,53 stems（53分轨）,推荐依据：53 分轨单乐器模型；适合 dobro 定位与提取。,MVSep Mega 53-stem 命名
199,bs_mega_53stem_double-bass_mvsep.ckpt,音乐多轨/分轨,MVSep 53 轨分离,bs_roformer,bs_roformer,double-bass,double-bass|other,double-bass,74.0,supported,精选,mega_53|single_instrument,53 stems（53分轨）,推荐依据：53 分轨单乐器模型；适合 double-bass 定位与提取。,MVSep Mega 53-stem 命名
200,bs_mega_53stem_drums_mvsep.ckpt,音乐多轨/分轨,MVSep 53 轨分离,bs_roformer,bs_roformer,drums,drums|other,drums,74.0,supported,精选,mega_53|drums|single_instrument,drums（鼓组）,推荐依据：53 分轨鼓组子模型；适合鼓组元素定位。,MVSep Mega 53-stem 命名
201,bs_mega_53stem_electric-guitar_mvsep.ckpt,音乐多轨/分轨,MVSep 53 轨分离,bs_roformer,bs_roformer,electric-guitar,electric-guitar|other,electric-guitar,74.0,supported,精选,mega_53|single_instrument,guitar（吉他）,推荐依据：53 分轨吉他子模型；适合吉他声部定位。,MVSep Mega 53-stem 命名
202,bs_mega_53stem_flute_mvsep.ckpt,音乐多轨/分轨,MVSep 53 轨分离,bs_roformer,bs_roformer,flute,flute|other,flute,74.0,supported,精选,mega_53|single_instrument,53 stems（53分轨）,推荐依据：53 分轨单乐器模型；适合 flute 定位与提取。,MVSep Mega 53-stem 命名
203,bs_mega_53stem_french-horn_mvsep.ckpt,音乐多轨/分轨,MVSep 53 轨分离,bs_roformer,bs_roformer,french-horn,french-horn|other,french-horn,74.0,supported,精选,mega_53|single_instrument,53 stems（53分轨）,推荐依据：53 分轨单乐器模型；适合 french-horn 定位与提取。,MVSep Mega 53-stem 命名
204,bs_mega_53stem_glockenspiel_mvsep.ckpt,音乐多轨/分轨,MVSep 53 轨分离,bs_roformer,bs_roformer,glockenspiel,glockenspiel|other,glockenspiel,74.0,supported,精选,mega_53|single_instrument,53 stems（53分轨）,推荐依据：53 分轨单乐器模型；适合 glockenspiel 定位与提取。,MVSep Mega 53-stem 命名
205,bs_mega_53stem_guitar_mvsep.ckpt,音乐多轨/分轨,MVSep 53 轨分离,bs_roformer,bs_roformer,guitar,guitar|other,guitar,74.0,supported,精选,mega_53|single_instrument,guitar（吉他）,推荐依据：53 分轨吉他子模型；适合吉他声部定位。,MVSep Mega 53-stem 命名
206,bs_mega_53stem_harmonica_mvsep.ckpt,音乐多轨/分轨,MVSep 53 轨分离,bs_roformer,bs_roformer,harmonica,harmonica|other,harmonica,74.0,supported,精选,mega_53|single_instrument,53 stems（53分轨）,推荐依据：53 分轨单乐器模型；适合 harmonica 定位与提取。,MVSep Mega 53-stem 命名
207,bs_mega_53stem_harp_mvsep.ckpt,音乐多轨/分轨,MVSep 53 轨分离,bs_roformer,bs_roformer,harp,harp|other,harp,74.0,supported,精选,mega_53|single_instrument,53 stems（53分轨）,推荐依据：53 分轨单乐器模型；适合 harp 定位与提取。,MVSep Mega 53-stem 命名
208,bs_mega_53stem_harpsichord_mvsep.ckpt,音乐多轨/分轨,MVSep 53 轨分离,bs_roformer,bs_roformer,harpsichord,harpsichord|other,harpsichord,74.0,supported,精选,mega_53|single_instrument,53 stems（53分轨）,推荐依据：53 分轨单乐器模型；适合 harpsichord 定位与提取。,MVSep Mega 53-stem 命名
209,bs_mega_53stem_hh_mvsep.ckpt,音乐多轨/分轨,MVSep 53 轨分离,bs_roformer,bs_roformer,hh,hh|other,hh,74.0,supported,精选,mega_53|drums|single_instrument,53 stems（53分轨）,推荐依据：53 分轨单乐器模型；适合 hh 定位与提取。,MVSep Mega 53-stem 命名
210,bs_mega_53stem_keys_mvsep.ckpt,音乐多轨/分轨,MVSep 53 轨分离,bs_roformer,bs_roformer,keys,keys|other,keys,74.0,supported,精选,mega_53|single_instrument,53 stems（53分轨）,推荐依据：53 分轨单乐器模型；适合 keys 定位与提取。,MVSep Mega 53-stem 命名
211,bs_mega_53stem_kick_mvsep.ckpt,音乐多轨/分轨,MVSep 53 轨分离,bs_roformer,bs_roformer,kick,kick|other,kick,74.0,supported,精选,mega_53|drums|single_instrument,53 stems（53分轨）,推荐依据：53 分轨单乐器模型；适合 kick 定位与提取。,MVSep Mega 53-stem 命名
212,bs_mega_53stem_lead-vocal_mvsep.ckpt,音乐多轨/分轨,MVSep 53 轨分离,bs_roformer,bs_roformer,lead-vocal,lead-vocal|other,lead-vocal,74.0,supported,精选,mega_53|single_instrument,53 stems（53分轨）,推荐依据：53 分轨单乐器模型；适合 lead-vocal 定位与提取。,MVSep Mega 53-stem 命名
213,bs_mega_53stem_mandolin_mvsep.ckpt,音乐多轨/分轨,MVSep 53 轨分离,bs_roformer,bs_roformer,mandolin,mandolin|other,mandolin,74.0,supported,精选,mega_53|single_instrument,53 stems（53分轨）,推荐依据：53 分轨单乐器模型；适合 mandolin 定位与提取。,MVSep Mega 53-stem 命名
214,bs_mega_53stem_marimba_mvsep.ckpt,音乐多轨/分轨,MVSep 53 轨分离,bs_roformer,bs_roformer,marimba,marimba|other,marimba,74.0,supported,精选,mega_53|single_instrument,53 stems（53分轨）,推荐依据：53 分轨单乐器模型；适合 marimba 定位与提取。,MVSep Mega 53-stem 命名
215,bs_mega_53stem_oboe_mvsep.ckpt,音乐多轨/分轨,MVSep 53 轨分离,bs_roformer,bs_roformer,oboe,oboe|other,oboe,74.0,supported,精选,mega_53|single_instrument,53 stems（53分轨）,推荐依据：53 分轨单乐器模型；适合 oboe 定位与提取。,MVSep Mega 53-stem 命名
216,bs_mega_53stem_organ_mvsep.ckpt,音乐多轨/分轨,MVSep 53 轨分离,bs_roformer,bs_roformer,organ,organ|other,organ,74.0,supported,精选,mega_53|single_instrument,53 stems（53分轨）,推荐依据：53 分轨单乐器模型；适合 organ 定位与提取。,MVSep Mega 53-stem 命名
217,bs_mega_53stem_percussion_mvsep.ckpt,音乐多轨/分轨,MVSep 53 轨分离,bs_roformer,bs_roformer,percussion,percussion|other,percussion,74.0,supported,精选,mega_53|single_instrument,53 stems（53分轨）,推荐依据：53 分轨单乐器模型；适合 percussion 定位与提取。,MVSep Mega 53-stem 命名
218,bs_mega_53stem_piano_mvsep.ckpt,音乐多轨/分轨,MVSep 53 轨分离,bs_roformer,bs_roformer,piano,piano|other,piano,74.0,supported,精选,mega_53|single_instrument,piano（钢琴）,推荐依据：53 分轨钢琴子模型；适合钢琴提取与素材定位。,MVSep Mega 53-stem 命名
219,bs_mega_53stem_saxophone_mvsep.ckpt,音乐多轨/分轨,MVSep 53 轨分离,bs_roformer,bs_roformer,saxophone,saxophone|other,saxophone,74.0,supported,精选,mega_53|single_instrument,53 stems（53分轨）,推荐依据：53 分轨单乐器模型；适合 saxophone 定位与提取。,MVSep Mega 53-stem 命名
220,bs_mega_53stem_sitar_mvsep.ckpt,音乐多轨/分轨,MVSep 53 轨分离,bs_roformer,bs_roformer,sitar,sitar|other,sitar,74.0,supported,精选,mega_53|single_instrument,53 stems（53分轨）,推荐依据：53 分轨单乐器模型；适合 sitar 定位与提取。,MVSep Mega 53-stem 命名
221,bs_mega_53stem_snare_mvsep.ckpt,音乐多轨/分轨,MVSep 53 轨分离,bs_roformer,bs_roformer,snare,snare|other,snare,74.0,supported,精选,mega_53|drums|single_instrument,53 stems（53分轨）,推荐依据：53 分轨单乐器模型；适合 snare 定位与提取。,MVSep Mega 53-stem 命名
222,bs_mega_53stem_strings_mvsep.ckpt,音乐多轨/分轨,MVSep 53 轨分离,bs_roformer,bs_roformer,strings,strings|other,strings,74.0,supported,精选,mega_53|single_instrument,strings（弦乐）,推荐依据：53 分轨弦乐子模型；适合弦乐层定位与提取。,MVSep Mega 53-stem 命名
223,bs_mega_53stem_synth_mvsep.ckpt,音乐多轨/分轨,MVSep 53 轨分离,bs_roformer,bs_roformer,synth,synth|other,synth,74.0,supported,精选,mega_53|single_instrument,53 stems（53分轨）,推荐依据：53 分轨单乐器模型；适合 synth 定位与提取。,MVSep Mega 53-stem 命名
224,bs_mega_53stem_tambourine_mvsep.ckpt,音乐多轨/分轨,MVSep 53 轨分离,bs_roformer,bs_roformer,tambourine,tambourine|other,tambourine,74.0,supported,精选,mega_53|single_instrument,53 stems（53分轨）,推荐依据：53 分轨单乐器模型；适合 tambourine 定位与提取。,MVSep Mega 53-stem 命名
225,bs_mega_53stem_timpani_mvsep.ckpt,音乐多轨/分轨,MVSep 53 轨分离,bs_roformer,bs_roformer,timpani,timpani|other,timpani,74.0,supported,精选,mega_53|single_instrument,53 stems（53分轨）,推荐依据：53 分轨单乐器模型；适合 timpani 定位与提取。,MVSep Mega 53-stem 命名
226,bs_mega_53stem_toms_mvsep.ckpt,音乐多轨/分轨,MVSep 53 轨分离,bs_roformer,bs_roformer,toms,toms|other,toms,74.0,supported,精选,mega_53|drums|single_instrument,53 stems（53分轨）,推荐依据：53 分轨单乐器模型；适合 toms 定位与提取。,MVSep Mega 53-stem 命名
227,bs_mega_53stem_triangle_mvsep.ckpt,音乐多轨/分轨,MVSep 53 轨分离,bs_roformer,bs_roformer,triangle,triangle|other,triangle,74.0,supported,精选,mega_53|single_instrument,53 stems（53分轨）,推荐依据：53 分轨单乐器模型；适合 triangle 定位与提取。,MVSep Mega 53-stem 命名
228,bs_mega_53stem_trombone_mvsep.ckpt,音乐多轨/分轨,MVSep 53 轨分离,bs_roformer,bs_roformer,trombone,trombone|other,trombone,74.0,supported,精选,mega_53|single_instrument,53 stems（53分轨）,推荐依据：53 分轨单乐器模型；适合 trombone 定位与提取。,MVSep Mega 53-stem 命名
229,bs_mega_53stem_trumpet_mvsep.ckpt,音乐多轨/分轨,MVSep 53 轨分离,bs_roformer,bs_roformer,trumpet,trumpet|other,trumpet,74.0,supported,精选,mega_53|single_instrument,53 stems（53分轨）,推荐依据：53 分轨单乐器模型；适合 trumpet 定位与提取。,MVSep Mega 53-stem 命名
230,bs_mega_53stem_tuba_mvsep.ckpt,音乐多轨/分轨,MVSep 53 轨分离,bs_roformer,bs_roformer,tuba,tuba|other,tuba,74.0,supported,精选,mega_53|single_instrument,53 stems（53分轨）,推荐依据：53 分轨单乐器模型；适合 tuba 定位与提取。,MVSep Mega 53-stem 命名
231,bs_mega_53stem_ukulele_mvsep.ckpt,音乐多轨/分轨,MVSep 53 轨分离,bs_roformer,bs_roformer,ukulele,ukulele|other,ukulele,74.0,supported,精选,mega_53|single_instrument,53 stems（53分轨）,推荐依据：53 分轨单乐器模型；适合 ukulele 定位与提取。,MVSep Mega 53-stem 命名
232,bs_mega_53stem_viola_mvsep.ckpt,音乐多轨/分轨,MVSep 53 轨分离,bs_roformer,bs_roformer,viola,viola|other,viola,74.0,supported,精选,mega_53|single_instrument,53 stems（53分轨）,推荐依据：53 分轨单乐器模型；适合 viola 定位与提取。,MVSep Mega 53-stem 命名
233,bs_mega_53stem_violin_mvsep.ckpt,音乐多轨/分轨,MVSep 53 轨分离,bs_roformer,bs_roformer,violin,violin|other,violin,74.0,supported,精选,mega_53|single_instrument,53 stems（53分轨）,推荐依据：53 分轨单乐器模型；适合 violin 定位与提取。,MVSep Mega 53-stem 命名
234,bs_mega_53stem_vocal_mvsep.ckpt,音乐多轨/分轨,MVSep 53 轨分离,bs_roformer,bs_roformer,vocal,vocal|other,vocal,74.0,supported,精选,mega_53|single_instrument,53 stems（53分轨）,推荐依据：53 分轨单乐器模型；适合 vocal 定位与提取。,MVSep Mega 53-stem 命名
235,bs_mega_53stem_wind-chimes_mvsep.ckpt,音乐多轨/分轨,MVSep 53 轨分离,bs_roformer,bs_roformer,wind-chimes,wind-chimes|other,wind-chimes,74.0,supported,精选,mega_53|single_instrument,53 stems（53分轨）,推荐依据：53 分轨单乐器模型；适合 wind-chimes 定位与提取。,MVSep Mega 53-stem 命名
236,bs_mega_53stem_wind_mvsep.ckpt,音乐多轨/分轨,MVSep 53 轨分离,bs_roformer,bs_roformer,wind,wind|other,wind,74.0,supported,精选,mega_53|single_instrument,53 stems（53分轨）,推荐依据：53 分轨单乐器模型；适合 wind 定位与提取。,MVSep Mega 53-stem 命名
237,bs_mega_53stem_woodwind_mvsep.ckpt,音乐多轨/分轨,MVSep 53 轨分离,bs_roformer,bs_roformer,woodwind,woodwind|other,woodwind,74.0,supported,精选,mega_53|single_instrument,53 stems（53分轨）,推荐依据：53 分轨单乐器模型；适合 woodwind 定位与提取。,MVSep Mega 53-stem 命名
238,mvsep_mega_model_bs_roformer_53_stems_v1.ckpt,音乐多轨/分轨,MVSep 53 轨分离,bs_roformer,bs_roformer,,accordion|acoustic-guitar|back-vocal|banjo|bass|bassoon|bells|bowed_strings|brass|cello|clarinet|congas|digital-piano|dobro|double-bass|drums|electric-guitar|flute|french-horn|glockenspiel|guitar|harmonica|harp|harpsichord|hh|keys|kick|lead-vocal|mandolin|marimba|oboe|organ|percussion|piano|saxophone|sitar|snare|strings|synth|tambourine|timpani|toms|triangle|trombone|trumpet|tuba|ukulele|viola|violin|vocal|wind|wind-chimes|woodwind,,1305.5,supported,精选,mega_53|drums|single_instrument|karaoke,53 stems（53分轨）,推荐依据：53 分轨模型；适合钢琴、弦乐、吉他等单乐器定位。,MVSep Mega 53-stem 命名
239,BS-Roformer-SW.ckpt,音乐多轨/分轨,六轨分离,bs_roformer,bs_roformer,drums/bass/other/vocals/guitar/piano,bass|drums|other|vocals|guitar|piano,,667.0,supported,首选,four_stem|six_stem|drums,6 stems（六分轨）,推荐依据：6 分轨强模型；输出 bass/drums/guitar/piano/vocals/other。,config 6 stems
240,gabox_karaoke_25_02_2025.ckpt,音乐多轨/分轨,六轨分离,mel_band_roformer,mel_band_roformer,drums/bass/other/vocals/guitar/piano,bass|drums|other|vocals|guitar|piano,,870.7,supported,精选,instrumental|karaoke,instrumental / karaoke（伴奏/和声）,推荐依据：Karaoke 权重实际为单输出头；适合伴奏或和声方向实测，不作为六分轨首选。,config 6 stems
241,HTDemucs4_6stems.th,音乐多轨/分轨,六轨分离,htdemucs,htdemucs,6 stems,,,52.4,supported,精选,six_stem|four_stem,6 stems（六分轨）,推荐依据：六分轨模型；适合 bass/drums/guitar/piano/vocals/other 拆分。,6 stems 名称
242,logic_bs_roformer.ckpt,音乐多轨/分轨,六轨分离,bs_roformer,bs_roformer,drums/bass/other/vocals/guitar/piano,bass|drums|other|vocals|guitar|piano,,667.0,supported,精选,four_stem|six_stem|drums,6 stems（六分轨）,推荐依据：六分轨模型；适合 bass/drums/guitar/piano/vocals/other 拆分。,config 6 stems
243,de_big_reverb_mbr_ep_362.ckpt,混响/回声处理,去混响,mel_band_roformer,mel_band_roformer,reverb,,,434.7,supported,首选,dereverb,dereverb（去混响）,推荐依据：去混响专用模型；适合对白/人声混响减弱。,dereverb/deverb/de_big_reverb/room 名称
244,dereverb_bs_roformer_anvuew_sdr_22.5050.ckpt,混响/回声处理,去混响,bs_roformer,bs_roformer,reverb,,,195.0,supported,首选,dereverb,dereverb（去混响）,推荐依据：BS-RoFormer 去混响；适合人声/对白混响减弱。,dereverb/deverb/de_big_reverb/room 名称
245,dereverb_mdx23c_sdr_6.9096.ckpt,混响/回声处理,去混响,mdx23c,mdx23c,reverb,,,427.3,supported,首选,dereverb,dereverb（去混响）,推荐依据：去混响专用模型；适合对白/人声混响减弱。,dereverb/deverb/de_big_reverb/room 名称
246,dereverb_mel_band_roformer_anvuew_sdr_19.1729.ckpt,混响/回声处理,去混响,mel_band_roformer,mel_band_roformer,reverb,noreverb|reverb,noreverb,870.8,supported,首选,dereverb,dereverb（去混响）,推荐依据：MelBand 去混响强模型；适合提取干爽对白底本。,dereverb/deverb/de_big_reverb/room 名称
247,dereverb_mel_band_roformer_less_aggressive_anvuew_sdr_18.8050.ckpt,混响/回声处理,去混响,mel_band_roformer,mel_band_roformer,reverb,noreverb|reverb,noreverb,870.8,supported,首选,dereverb,dereverb（去混响）,推荐依据：轻度去混响模型；适合保留自然尾音。,dereverb/deverb/de_big_reverb/room 名称
248,dereverb_mel_band_roformer_mono_anvuew.ckpt,混响/回声处理,去混响,mel_band_roformer,mel_band_roformer,reverb,noreverb|reverb,noreverb,870.8,supported,首选,dereverb|spatial,dereverb（去混响）,推荐依据：去混响专用模型；适合对白/人声混响减弱。,dereverb/deverb/de_big_reverb/room 名称
249,dereverb_room_anvuew_sdr_13.7432.ckpt,混响/回声处理,去混响,bs_roformer,bs_roformer,reverb,noreverb|reverb,noreverb,112.7,supported,首选,dereverb,dereverb（去混响）,推荐依据：去混响专用模型；适合对白/人声混响减弱。,dereverb/deverb/de_big_reverb/room 名称
250,dereverb_super_big_mbr_ep_346.ckpt,混响/回声处理,去混响,mel_band_roformer,mel_band_roformer,reverb,dry|No dry,,434.7,supported,精选,dereverb,dereverb（去混响）,推荐依据：大参数去混响模型；适合质量优先的人声干声提取。,dereverb/deverb/de_big_reverb/room 名称
251,deverb_bs_roformer_8_256dim_8depth.ckpt,混响/回声处理,去混响,bs_roformer,bs_roformer,reverb,No Reverb|Reverb,No Reverb,162.9,supported,首选,dereverb,dereverb（去混响）,推荐依据：去混响专用模型；适合对白/人声混响减弱。,dereverb/deverb/de_big_reverb/room 名称
252,deverb_bs_roformer_8_384dim_10depth.ckpt,混响/回声处理,去混响,bs_roformer,bs_roformer,reverb,noreverb|reverb,noreverb,344.8,supported,首选,dereverb,dereverb（去混响）,推荐依据：去混响专用模型；适合对白/人声混响减弱。,dereverb/deverb/de_big_reverb/room 名称
253,deverb_mel_band_roformer_8_256dim_6depth.ckpt,混响/回声处理,去混响,mel_band_roformer,mel_band_roformer,reverb,noreverb|reverb,noreverb,418.7,supported,首选,dereverb,dereverb（去混响）,推荐依据：去混响专用模型；适合对白/人声混响减弱。,dereverb/deverb/de_big_reverb/room 名称
254,deverb_mel_band_roformer_8_512dim_12depth.ckpt,混响/回声处理,去混响,mel_band_roformer,mel_band_roformer,reverb,noreverb|reverb,noreverb,1629.4,supported,首选,dereverb,dereverb（去混响）,推荐依据：去混响专用模型；适合对白/人声混响减弱。,dereverb/deverb/de_big_reverb/room 名称
255,deverb_mel_band_roformer_ep_27_sdr_10.4567.ckpt,混响/回声处理,去混响,mel_band_roformer,mel_band_roformer,reverb,,,466.9,supported,首选,dereverb,dereverb（去混响）,推荐依据：去混响专用模型；适合对白/人声混响减弱。,dereverb/deverb/de_big_reverb/room 名称
256,Lead_VocalDereverb.ckpt,混响/回声处理,去混响,mel_band_roformer,mel_band_roformer,reverb,,,870.7,supported,首选,dereverb,dereverb（去混响）,推荐依据：去混响专用模型；适合对白/人声混响减弱。,dereverb/deverb/de_big_reverb/room 名称
257,dereverb-echo_mel_band_roformer_sdr_10.0169.ckpt,混响/回声处理,去混响+去回声,mel_band_roformer,mel_band_roformer,reverb/echo,dry|No dry,,797.3,supported,首选,dereverb,dereverb（去混响）,推荐依据：去混响专用模型；适合对白/人声混响减弱。,dereverb/deecho 同时出现
258,dereverb-echo_mel_band_roformer_sdr_13.4843_v2.ckpt,混响/回声处理,去混响+去回声,mel_band_roformer,mel_band_roformer,reverb/echo,dry|No dry,dry,434.7,supported,首选,dereverb,dereverb（去混响）,推荐依据：去混响专用模型；适合对白/人声混响减弱。,dereverb/deecho 同时出现
259,dereverb_echo_mbr_fused_0.5_v2_0.25_big_0.25_super.ckpt,混响/回声处理,去混响+去回声,mel_band_roformer,mel_band_roformer,reverb/echo,,,434.7,supported,首选,dereverb,dereverb（去混响）,推荐依据：去混响专用模型；适合对白/人声混响减弱。,dereverb/deecho 同时出现
260,HTDemucs4_FT_bass.th,单乐器/单音轨,贝斯,htdemucs,htdemucs,bass,,,80.2,supported,,single_instrument,贝斯,输出目标：bass。依据：单乐器关键词命中,单乐器关键词命中
261,model_jazz_scnet_bass_drums.ckpt,单乐器/单音轨,贝斯,scnet,scnet,bass,drums|bass|piano|other,,40.5,supported,,drums|single_instrument,贝斯,输出目标：bass。依据：单乐器关键词命中,单乐器关键词命中
262,HTDemucs4_FT_drums.th,单乐器/单音轨,鼓/打击乐,htdemucs,htdemucs,drums_percussion,,,80.2,supported,,drums|single_instrument,鼓/打击乐,输出目标：drums_percussion。依据：单乐器关键词命中,单乐器关键词命中
263,model_jazz_scnet_piano_drums.ckpt,单乐器/单音轨,鼓/打击乐,scnet,scnet,drums_percussion,drums|bass|piano|other,,40.5,supported,,drums|single_instrument,鼓/打击乐,输出目标：drums_percussion。依据：单乐器关键词命中,单乐器关键词命中
264,becruily_guitar.ckpt,单乐器/单音轨,吉他,mel_band_roformer,mel_band_roformer,guitar,Guitar|Other,Guitar,43.1,supported,,single_instrument,吉他,输出目标：guitar。依据：单乐器关键词命中,单乐器关键词命中
265,model_mel_band_roformer_ep_314_sdr_7.9825.ckpt,单乐器/单音轨,吉他,mel_band_roformer,mel_band_roformer,guitar,guitar|others,guitar,263.9,supported,,single_instrument,吉他,输出目标：guitar。依据：单乐器关键词命中,单乐器关键词命中
266,gilliaan_bowedstrings_bs_v1.ckpt,单乐器/单音轨,弦乐,bs_roformer,bs_roformer,strings,strings|other,,289.4,supported,,single_instrument,弦乐,输出目标：strings。依据：单乐器关键词命中,单乐器关键词命中
267,gilliaan_MonoStereo_Dual_Beta1.ckpt,声像/空间分离,单声道/立体声分离,mel_band_roformer,mel_band_roformer,mono/stereo,center|wide,,829.4,supported,,spatial,单声道/立体声分离,输出目标：mono/stereo。依据：mono/stereo duality 名称,mono/stereo duality 名称
268,gilliaan_MonoStereo_Dual_Beta2.ckpt,声像/空间分离,单声道/立体声分离,mel_band_roformer,mel_band_roformer,mono/stereo,center|wide,,829.4,supported,,spatial,单声道/立体声分离,输出目标：mono/stereo。依据：mono/stereo duality 名称,mono/stereo duality 名称
269,gilliaan_CenterExtractor_Single_StemV1.ckpt,声像/空间分离,中央/宽声像提取,bs_roformer,bs_roformer,center/wide,center|wide,center,195.0,supported,精选,spatial,center/wide（声像空间）,推荐依据：声像空间剖离；适合中心结像与宽声场环境音拆分。,phantom/center/wide 名称
270,gilliaan_CenterExtractor_Single_StemV2.ckpt,声像/空间分离,中央/宽声像提取,bs_roformer,bs_roformer,center/wide,center|wide,center,195.0,supported,,spatial,中央/宽声像提取,输出目标：center/wide。依据：phantom/center/wide 名称,phantom/center/wide 名称
271,gilliaan_mdx23c_centerwide_v1.ckpt,声像/空间分离,中央/宽声像提取,mdx23c,mdx23c,center/wide,center|wide,wide,417.3,supported,,spatial,中央/宽声像提取,输出目标：center/wide。依据：phantom/center/wide 名称,phantom/center/wide 名称
272,gilliaan_scnet_centerwide_dual.ckpt,声像/空间分离,中央/宽声像提取,scnet,scnet,center/wide,center|wide,,204.1,supported,,spatial,中央/宽声像提取,输出目标：center/wide。依据：phantom/center/wide 名称,phantom/center/wide 名称
273,model_htdemucs_ep_21_sdr_13.6970.ckpt,特殊目标/差异提取,相似/差异分离,htdemucs,htdemucs,similarity/difference,similarity|difference,,160.3,supported,,,相似/差异分离,输出目标：similarity/difference。依据：config instruments=Similarity/Difference,config instruments=Similarity/Difference
274,model_mdx23c_ep_271_l1_freq_72.2383.ckpt,特殊目标/差异提取,相似/差异分离,mdx23c,mdx23c,similarity/difference,similarity|difference,similarity,417.3,supported,,,相似/差异分离,输出目标：similarity/difference。依据：config instruments=Similarity/Difference,config instruments=Similarity/Difference
275,model_scnet_ep_102_sdr_12.8941.ckpt,特殊目标/差异提取,相似/差异分离,scnet,scnet,similarity/difference,similarity|difference,difference,40.5,supported,,,相似/差异分离,输出目标：similarity/difference。依据：config instruments=Similarity/Difference,config instruments=Similarity/Difference
276,model_scnet_ep_30_sdr_15.1291.ckpt,特殊目标/差异提取,相似/差异分离,scnet,scnet,similarity/difference,similarity|difference,difference,40.5,supported,,,相似/差异分离,输出目标：similarity/difference。依据：config instruments=Similarity/Difference,config instruments=Similarity/Difference
277,aspiration_mel_band_roformer_less_aggr_sdr_18.1201.ckpt,人声,气声/呼吸声分离,mel_band_roformer,mel_band_roformer,breath,,,797.3,supported,首选,vocal|breath,vocals（人声）,推荐依据：RoFormer 高质量双轨；适合通用歌曲人声分离。,aspiration/气声模型名称
278,aspiration_mel_band_roformer_sdr_18.9845.ckpt,人声,气声/呼吸声分离,mel_band_roformer,mel_band_roformer,breath,,,797.3,supported,精选,vocal|breath,breath（呼吸/齿音）,推荐依据：呼吸声目标模型；适合呼吸、齿音提取或抑制。,aspiration/气声模型名称
279,model_scnet_ep_36_sdr_5.4596.ckpt,人声,合唱/人群歌声分离,scnet,scnet,choir,alto|bass|soprano|tenor,,40.5,supported,精选,vocal|denoise|choir,choir（合唱）,推荐依据：合唱/人声子轨模型；适合合唱、重叠人声测试。,choir 名称
280,model_scnet_ep_42_sdr_5.2559.ckpt,人声,合唱/人群歌声分离,scnet,scnet,choir,alto|bass|soprano|tenor,,40.5,supported,精选,vocal|denoise|choir,choir（合唱）,推荐依据：输出目标 choir；适合合唱提取，需按素材实测。,choir 名称
281,model_scnet_masked_ep_14_sdr_6.3693.ckpt,人声,合唱/人群歌声分离,scnet,scnet,choir,soprano|alto|tenor|bass,,40.6,supported,精选,vocal|denoise|choir,choir（合唱）,推荐依据：合唱/人声子轨模型；适合合唱、重叠人声测试。,choir 名称
282,model_scnet_masked_ep_14_sdr_6.9052.ckpt,人声,合唱/人群歌声分离,scnet,scnet,choir,soprano|alto|tenor|bass,,40.6,supported,精选,vocal|denoise|choir,choir（合唱）,推荐依据：合唱子轨模型；适合 soprano/alto/tenor/bass 测试。,choir 名称
283,model_mel_band_roformer_ep_0_sdr_7.9319_fixed.ckpt,人声,双人/二重唱分离,mel_band_roformer,mel_band_roformer,vocals,singer_1|singer_2,,601.0,supported,首选,vocal,vocals（人声）,推荐依据：RoFormer 高质量双轨；适合通用歌曲人声分离。,duet/deux 名称
284,speech_bs_roformer_AliceN_sdr_20.4440.ckpt,人声,语音/说话人声分离,bs_roformer,bs_roformer,speech,vocals|other,vocals,97.6,supported,精选,vocal|denoise,speech（语音增强）,推荐依据：语音增强模型；适合对白清晰度提升。,speech 名称
285,speech_mel_roformer_AliceN_sdr_16.5716.ckpt,人声,语音/说话人声分离,mel_band_roformer,mel_band_roformer,speech,vocals|other,,414.9,supported,精选,vocal|denoise,speech（语音增强）,推荐依据：MelBand 语音增强模型；适合对白清晰度提升。,speech 名称
286,16k_Vocal_Lightweight_MelBandRoformer.ckpt,人声,人声提取,mel_band_roformer,mel_band_roformer,vocals,vocals|instrumental,vocals,57.2,supported,首选,vocal|instrumental,vocals（人声）,推荐依据：RoFormer 高质量双轨；适合通用歌曲人声分离。,config 确认
287,big_beta5e.ckpt,人声,人声提取,mel_band_roformer,mel_band_roformer,vocals,vocals|other,vocals,1411.2,supported,首选,vocal,vocals（人声）,推荐依据：RoFormer 高质量双轨；适合通用歌曲人声分离。,config target_instrument=vocals
288,big_beta6.ckpt,人声,人声提取,mel_band_roformer,mel_band_roformer,vocals,vocals|other,vocals,1484.9,supported,首选,vocal,vocals（人声）,推荐依据：RoFormer 高质量双轨；适合通用歌曲人声分离。,config target_instrument=vocals
289,big_beta6x.ckpt,人声,人声提取,mel_band_roformer,mel_band_roformer,vocals,vocals|other,vocals,1629.4,supported,首选,vocal,vocals（人声）,推荐依据：RoFormer 高质量双轨；适合通用歌曲人声分离。,config target_instrument=vocals
290,big_beta7.ckpt,人声,人声提取,mel_band_roformer,mel_band_roformer,vocals,vocals|other,vocals,900.9,supported,首选,vocal,vocals（人声）,推荐依据：RoFormer 高质量双轨；适合通用歌曲人声分离。,config target_instrument=vocals
291,BS-Roformer-Resurrection.ckpt,人声,人声提取,bs_roformer,bs_roformer,vocals,vocals|other,vocals,195.0,supported,首选,vocal,vocals（人声）,推荐依据：BS-RoFormer 人声模型；适合高质量通用人声分离。,config target_instrument=vocals
292,bs_roformer_voc_hyperacev2.ckpt,人声,人声提取,bs_roformer,bs_roformer,vocals,,,275.3,supported,首选,vocal,vocals（人声）,推荐依据：RoFormer 高质量双轨；适合通用歌曲人声分离。,vocal/vocals 名称
293,bs_roformer_vocals_gabox.ckpt,人声,人声提取,bs_roformer,bs_roformer,vocals,Vocals|Instrumental,Vocals,609.6,supported,首选,vocal|instrumental,vocals（人声）,推荐依据：RoFormer 高质量双轨；适合通用歌曲人声分离。,config target_instrument=vocals
294,HTDemucs4_FT_vocals_official.th,人声,人声提取,htdemucs,htdemucs,vocals,,,80.2,supported,,vocal,人声提取,输出目标：vocals。依据：vocal/vocals 名称,vocal/vocals 名称
295,inst_fv7b.ckpt,人声,人声提取,mel_band_roformer,mel_band_roformer,vocals,Vocals|Instrumental,Vocals,870.7,supported,首选,vocal|instrumental,vocals（人声）,推荐依据：RoFormer 高质量双轨；适合通用歌曲人声分离。,config target_instrument=vocals
296,instv7beta2.ckpt,人声,人声提取,mel_band_roformer,mel_band_roformer,vocals,Vocals|Instrumental,Vocals,870.7,supported,首选,vocal|instrumental,vocals（人声）,推荐依据：RoFormer 高质量双轨；适合通用歌曲人声分离。,config target_instrument=vocals
297,instv7beta3.ckpt,人声,人声提取,mel_band_roformer,mel_band_roformer,vocals,Vocals|Instrumental,Vocals,870.7,supported,首选,vocal|instrumental,vocals（人声）,推荐依据：RoFormer 高质量双轨；适合通用歌曲人声分离。,config target_instrument=vocals
298,instv7plus.ckpt,人声,人声提取,mel_band_roformer,mel_band_roformer,vocals,Vocals|Instrumental,Vocals,870.7,supported,首选,vocal|instrumental,vocals（人声）,推荐依据：RoFormer 高质量双轨；适合通用歌曲人声分离。,config target_instrument=vocals
299,Kim_MelBandRoformer.ckpt,人声,人声提取,mel_band_roformer,mel_band_roformer,vocals,,,870.8,supported,首选,vocal,vocals（人声）,推荐依据：SOTA 人声分离；高保真人声提取，保护高频齿音。,vocal/vocals 名称
300,kimmel_unwa_ft.ckpt,人声,人声提取,mel_band_roformer,mel_band_roformer,vocals,vocals|other,vocals,870.8,supported,首选,vocal,vocals（人声）,推荐依据：RoFormer 高质量双轨；适合通用歌曲人声分离。,config target_instrument=vocals
301,kimmel_unwa_ft2.ckpt,人声,人声提取,mel_band_roformer,mel_band_roformer,vocals,vocals|other,vocals,870.8,supported,精选,vocal,vocals（人声）,推荐依据：社区常用人声微调版；适合保留齿音细节的人声提取。,config target_instrument=vocals
302,kimmel_unwa_ft3_prev.ckpt,人声,人声提取,mel_band_roformer,mel_band_roformer,vocals,vocals|other,vocals,870.8,supported,首选,vocal,vocals（人声）,推荐依据：RoFormer 高质量双轨；适合通用歌曲人声分离。,config target_instrument=vocals
303,last_bs_roformer.ckpt,人声,人声提取,bs_roformer,bs_roformer,vocals,vocals|other,vocals,195.0,supported,首选,vocal,vocals（人声）,推荐依据：RoFormer 高质量双轨；适合通用歌曲人声分离。,config target_instrument=vocals
304,mel_band_roformer_vocal_fullness_aname.ckpt,人声,人声提取,mel_band_roformer,mel_band_roformer,vocals,vocals|other,vocals,870.8,supported,首选,vocal,vocals（人声）,推荐依据：RoFormer 高质量双轨；适合通用歌曲人声分离。,config target_instrument=vocals
305,mel_band_roformer_vocals_becruily.ckpt,人声,人声提取,mel_band_roformer,mel_band_roformer,vocals,vocals|other,vocals,870.8,supported,首选,vocal,vocals（人声）,推荐依据：RoFormer 高质量双轨；适合通用歌曲人声分离。,config target_instrument=vocals
306,mel_band_roformer_vocals_fv1_gabox.ckpt,人声,人声提取,mel_band_roformer,mel_band_roformer,vocals,Vocals|Instrumental,Vocals,870.7,supported,首选,vocal|instrumental,vocals（人声）,推荐依据：RoFormer 高质量双轨；适合通用歌曲人声分离。,config target_instrument=vocals
307,mel_band_roformer_vocals_fv2_gabox.ckpt,人声,人声提取,mel_band_roformer,mel_band_roformer,vocals,Vocals|Instrumental,Vocals,870.7,supported,首选,vocal|instrumental,vocals（人声）,推荐依据：RoFormer 高质量双轨；适合通用歌曲人声分离。,config target_instrument=vocals
308,mel_band_roformer_vocals_fv3_gabox.ckpt,人声,人声提取,mel_band_roformer,mel_band_roformer,vocals,Vocals|Instrumental,Vocals,870.7,supported,首选,vocal|instrumental,vocals（人声）,推荐依据：RoFormer 高质量双轨；适合通用歌曲人声分离。,config target_instrument=vocals
309,mel_band_roformer_vocals_fv4_gabox.ckpt,人声,人声提取,mel_band_roformer,mel_band_roformer,vocals,Vocals|Instrumental,Vocals,870.7,supported,首选,vocal|instrumental,vocals（人声）,推荐依据：RoFormer 高质量双轨；适合通用歌曲人声分离。,config target_instrument=vocals
310,mel_band_roformer_vocals_fv5_gabox.ckpt,人声,人声提取,mel_band_roformer,mel_band_roformer,vocals,Vocals|Instrumental,Vocals,870.7,supported,首选,vocal|instrumental,vocals（人声）,推荐依据：RoFormer 高质量双轨；适合通用歌曲人声分离。,config target_instrument=vocals
311,mel_band_roformer_vocals_fv6_gabox.ckpt,人声,人声提取,mel_band_roformer,mel_band_roformer,vocals,Vocals|Instrumental,Vocals,870.7,supported,首选,vocal|instrumental,vocals（人声）,推荐依据：RoFormer 高质量双轨；适合通用歌曲人声分离。,config target_instrument=vocals
312,mel_band_roformer_vocals_fv7b_gabox.ckpt,人声,人声提取,mel_band_roformer,mel_band_roformer,vocals,Vocals|Instrumental,Vocals,870.8,supported,首选,vocal|instrumental,vocals（人声）,推荐依据：RoFormer 高质量双轨；适合通用歌曲人声分离。,config target_instrument=vocals
313,mel_band_roformer_vocals_gabox.ckpt,人声,人声提取,mel_band_roformer,mel_band_roformer,vocals,Vocals|Instrumental,Vocals,870.7,supported,首选,vocal|instrumental,vocals（人声）,推荐依据：MelBand RoFormer 人声强模型；适合复杂混音主唱提取。,config target_instrument=vocals
314,mel_band_roformer_vocals_v2_gabox.ckpt,人声,人声提取,mel_band_roformer,mel_band_roformer,vocals,Vocals|Instrumental,Vocals,870.7,supported,首选,vocal|instrumental,vocals（人声）,推荐依据：RoFormer 高质量双轨；适合通用歌曲人声分离。,config target_instrument=vocals
315,melband_roformer_big_beta1.ckpt,人声,人声提取,mel_band_roformer,mel_band_roformer,vocals,vocals|other,vocals,1411.2,supported,首选,vocal,vocals（人声）,推荐依据：RoFormer 高质量双轨；适合通用歌曲人声分离。,config target_instrument=vocals
316,melband_roformer_big_beta2.ckpt,人声,人声提取,mel_band_roformer,mel_band_roformer,vocals,vocals|other,vocals,1411.2,supported,首选,vocal,vocals（人声）,推荐依据：RoFormer 高质量双轨；适合通用歌曲人声分离。,config target_instrument=vocals
317,melband_roformer_big_beta3.ckpt,人声,人声提取,mel_band_roformer,mel_band_roformer,vocals,vocals|other,vocals,1411.2,supported,首选,vocal,vocals（人声）,推荐依据：RoFormer 高质量双轨；适合通用歌曲人声分离。,config target_instrument=vocals
318,melband_roformer_big_beta4.ckpt,人声,人声提取,mel_band_roformer,mel_band_roformer,vocals,vocals|other,vocals,1501.5,supported,首选,vocal,vocals（人声）,推荐依据：RoFormer 高质量双轨；适合通用歌曲人声分离。,config target_instrument=vocals
319,model_bs_roformer_ep_317_sdr_12.9755.ckpt,人声,人声提取,bs_roformer,bs_roformer,vocals,Vocals|Instrumental,Vocals,609.7,supported,首选,vocal|instrumental,vocals（人声）,推荐依据：RoFormer 高质量双轨；适合通用歌曲人声分离。,config target_instrument=vocals
320,model_bs_roformer_ep_368_sdr_12.9628.ckpt,人声,人声提取,bs_roformer,bs_roformer,vocals,Vocals|Instrumental,Vocals,609.7,supported,首选,vocal|instrumental,vocals（人声）,推荐依据：BS-RoFormer 高质量双轨；适合通用歌曲人声分离。,config target_instrument=vocals
321,model_bsrofomer_essid_vocals.ckpt,人声,人声提取,bs_roformer,bs_roformer,vocals,vocals|other,vocals,609.7,supported,首选,vocal,vocals（人声）,推荐依据：RoFormer 高质量双轨；适合通用歌曲人声分离。,config target_instrument=vocals
322,model_mel_band_roformer_ep_3005_sdr_11.4360.ckpt,人声,人声提取,mel_band_roformer,mel_band_roformer,vocals,Vocals|Instrumental,Vocals,961.1,supported,首选,vocal|instrumental,vocals（人声）,推荐依据：RoFormer 高质量双轨；适合通用歌曲人声分离。,config target_instrument=vocals
323,model_vocals.ckpt,人声,人声提取,mel_band_roformer,mel_band_roformer,vocals,vocals|other,vocals,692.2,supported,首选,vocal,vocals（人声）,推荐依据：RoFormer 高质量双轨；适合通用歌曲人声分离。,config target_instrument=vocals
324,model_vocals_mel_band_roformer_sdr_8.42.ckpt,人声,人声提取,mel_band_roformer,mel_band_roformer,vocals,vocals|other,vocals,128.7,supported,首选,vocal,vocals（人声）,推荐依据：RoFormer 高质量双轨；适合通用歌曲人声分离。,config target_instrument=vocals
325,voc_fv7.ckpt,人声,人声提取,mel_band_roformer,mel_band_roformer,vocals,Vocals|Instrumental,Vocals,466.9,supported,首选,vocal|instrumental,vocals（人声）,推荐依据：RoFormer 高质量双轨；适合通用歌曲人声分离。,config target_instrument=vocals
326,vocfv7beta2.ckpt,人声,人声提取,mel_band_roformer,mel_band_roformer,vocals,Vocals|Instrumental,Vocals,870.7,supported,首选,vocal|instrumental,vocals（人声）,推荐依据：RoFormer 高质量双轨；适合通用歌曲人声分离。,config target_instrument=vocals
327,vocfv7beta3.ckpt,人声,人声提取,mel_band_roformer,mel_band_roformer,vocals,Vocals|Instrumental,Vocals,870.7,supported,首选,vocal|instrumental,vocals（人声）,推荐依据：RoFormer 高质量双轨；适合通用歌曲人声分离。,config target_instrument=vocals
328,bs_roformer_male_female_by_aufr33_sdr_7.2889.ckpt,人声,男女声/合唱分离,bs_roformer,bs_roformer,vocals,male|female,,502.7,supported,首选,vocal|choir,male/female vocals（男女声）,推荐依据：Male/Female 分离；适合男女声拆分。,male/female/chorus 名称
329,model_chorus_bs_roformer_ep_146_sdr_23.8613.ckpt,人声,男女声/合唱分离,bs_roformer,bs_roformer,vocals,male|female,,502.7,supported,首选,vocal|choir,male/female vocals（男女声）,推荐依据：男女声分离模型；适合对唱、合唱声部拆分。,male/female/chorus 名称
330,model_chorus_bs_roformer_ep_267_sdr_24.1275.ckpt,人声,男女声/合唱分离,bs_roformer,bs_roformer,vocals,male|female,,502.7,supported,首选,vocal|choir,male/female vocals（男女声）,推荐依据：男女声/合唱分离；适合对唱、合唱声部拆分。,male/female/chorus 名称
331,becruily_deux.ckpt,人声,人声-伴奏双向分离,mel_band_roformer,mel_band_roformer,vocals/instrumental,Vocals|Instrumental,,414.9,supported,首选,vocal|instrumental,vocals（人声）,推荐依据：RoFormer 高质量双轨；适合通用歌曲人声分离。,config two stems
332,BS-Roformer-Resurrection-Inst.ckpt,人声,人声-伴奏双向分离,bs_roformer,bs_roformer,vocals/instrumental,vocals|other,other,195.0,supported,首选,vocal|instrumental,instrumental（伴奏）,推荐依据：BS-RoFormer 伴奏强模型；适合高质量去人声。,config two stems
333,BS_Inst_EXP_VRL.ckpt,人声,人声-伴奏双向分离,bs_roformer,bs_roformer,vocals/instrumental,vocals|other,other,375.1,supported,首选,vocal|instrumental,vocals（人声）,推荐依据：RoFormer 高质量双轨；适合通用歌曲人声分离。,config two stems
334,bs_roformer_fno.ckpt,人声,人声-伴奏双向分离,bs_roformer,bs_roformer,vocals/instrumental,vocals|other,other,316.6,supported,首选,vocal|instrumental,vocals（人声）,推荐依据：RoFormer 高质量双轨；适合通用歌曲人声分离。,config two stems
335,bs_roformer_instrumental_resurrection_gabox.ckpt,人声,人声-伴奏双向分离,bs_roformer,bs_roformer,vocals/instrumental,vocals|other,other,195.0,supported,首选,vocal|instrumental,instrumental（伴奏）,推荐依据：RoFormer 伴奏模型；适合伴奏提取与批量处理。,config two stems
336,duality_v1.ckpt,人声,人声-伴奏双向分离,mel_band_roformer,mel_band_roformer,vocals/instrumental,,,870.7,supported,首选,vocal|instrumental,vocals（人声）,推荐依据：RoFormer 高质量双轨；适合通用歌曲人声分离。,InstVoc/Duality 名称
337,essid_mel_vocal_v1.ckpt,人声,人声-伴奏双向分离,mel_band_roformer,mel_band_roformer,vocals/instrumental,vocals|other,other,870.8,supported,首选,vocal|instrumental,vocals（人声）,推荐依据：RoFormer 高质量双轨；适合通用歌曲人声分离。,config two stems
338,essid_mel_vocal_v2.ckpt,人声,人声-伴奏双向分离,mel_band_roformer,mel_band_roformer,vocals/instrumental,vocals|other,other,870.8,supported,首选,vocal|instrumental,vocals（人声）,推荐依据：RoFormer 高质量双轨；适合通用歌曲人声分离。,config two stems
339,inst_v1_plus_test.ckpt,人声,人声-伴奏双向分离,mel_band_roformer,mel_band_roformer,vocals/instrumental,other|vocals,other,870.8,supported,首选,vocal|instrumental,vocals（人声）,推荐依据：RoFormer 高质量双轨；适合通用歌曲人声分离。,config two stems
340,inst_v1e.ckpt,人声,人声-伴奏双向分离,mel_band_roformer,mel_band_roformer,vocals/instrumental,other|vocals,other,870.8,supported,首选,vocal|instrumental,vocals（人声）,推荐依据：RoFormer 高质量双轨；适合通用歌曲人声分离。,config two stems
341,inst_v1e_plus.ckpt,人声,人声-伴奏双向分离,mel_band_roformer,mel_band_roformer,vocals/instrumental,other|vocals,other,870.8,supported,首选,vocal|instrumental,vocals（人声）,推荐依据：RoFormer 高质量双轨；适合通用歌曲人声分离。,config two stems
342,INSTV10.ckpt,人声,人声-伴奏双向分离,mel_band_roformer,mel_band_roformer,vocals/instrumental,other|vocals,other,870.7,supported,首选,vocal|instrumental,vocals（人声）,推荐依据：RoFormer 高质量双轨；适合通用歌曲人声分离。,config two stems
343,MDX23C-8KFFT-InstVoc_HQ_2.ckpt,人声,人声-伴奏双向分离,mdx23c,mdx23c,vocals/instrumental,,,427.3,supported,,vocal|instrumental,人声-伴奏双向分离,输出目标：vocals/instrumental。依据：InstVoc/Duality 名称,InstVoc/Duality 名称
344,melband_roformer_inst_v1.ckpt,人声,人声-伴奏双向分离,mel_band_roformer,mel_band_roformer,vocals/instrumental,other|vocals,other,870.8,supported,首选,vocal|instrumental,vocals（人声）,推荐依据：RoFormer 高质量双轨；适合通用歌曲人声分离。,config two stems
345,melband_roformer_inst_v2.ckpt,人声,人声-伴奏双向分离,mel_band_roformer,mel_band_roformer,vocals/instrumental,other|vocals,other,1501.5,supported,首选,vocal|instrumental,vocals（人声）,推荐依据：RoFormer 高质量双轨；适合通用歌曲人声分离。,config two stems
346,melband_roformer_instvoc_duality_v1.ckpt,人声,人声-伴奏双向分离,mel_band_roformer,mel_band_roformer,vocals/instrumental,Vocals|Instrumental,,1639.5,supported,首选,vocal|instrumental,vocals（人声）,推荐依据：RoFormer 高质量双轨；适合通用歌曲人声分离。,config two stems
347,melband_roformer_instvox_duality_v2.ckpt,人声,人声-伴奏双向分离,mel_band_roformer,mel_band_roformer,vocals/instrumental,Vocals|Instrumental,,1639.5,supported,首选,vocal|instrumental,vocals（人声）,推荐依据：RoFormer 高质量双轨；适合通用歌曲人声分离。,config two stems
348,metal_roformer_inst_mesk_preview.ckpt,人声,人声-伴奏双向分离,mel_band_roformer,unknown,vocals/instrumental,vocals|other,other,900.9,supported,首选,vocal|instrumental,vocals（人声）,推荐依据：RoFormer 高质量双轨；适合通用歌曲人声分离。,config two stems
349,model_mdx23c_ep_0_sdr_14.6632.ckpt,人声,人声-伴奏双向分离,mdx23c,mdx23c,vocals/instrumental,vocals|other,,427.3,supported,,vocal|instrumental,人声-伴奏双向分离,输出目标：vocals/instrumental。依据：config two stems,config two stems
350,model_vocals_htdemucs_sdr_8.78.ckpt,人声,人声-伴奏双向分离,htdemucs,htdemucs,vocals/instrumental,vocals|other,,160.3,supported,,vocal|instrumental,人声-伴奏双向分离,输出目标：vocals/instrumental。依据：config two stems,config two stems
351,model_vocals_mdx23c_sdr_10.17.ckpt,人声,人声-伴奏双向分离,mdx23c,mdx23c,vocals/instrumental,vocals|other,,427.3,supported,,vocal|instrumental,人声-伴奏双向分离,输出目标：vocals/instrumental。依据：config two stems,config two stems
352,neo_inst_beta.ckpt,人声,人声-伴奏双向分离,bs_roformer,bs_roformer,vocals/instrumental,vocals|other,other,195.0,supported,首选,vocal|instrumental,vocals（人声）,推荐依据：RoFormer 高质量双轨；适合通用歌曲人声分离。,config two stems
